0,1
data2/50353.png,Qxg7
data2/50073.png,Be8
test_data/images/1601.jpe,Nc3
data/461.png,Ka5
data2/50392.png,O-O
data2/50773.png,Qd4#
test_data/images/1457.png,Bf2
data2/51392.png,Qe5#
data/1074.png,Qd6
test_data/images/1447.png,Nc3
data/412.png,Bg6#
data/338.png,Rg5
data2/50571.png,Ne8#
data/381.png,e1+
data2/50295.png,Qe3+
test_data/images/1971.jpe,Nc3
data/270.png,Qf6+
data/565.png,Ne4
data2/51233.png,f7#
test_data/images/2075.jpe,Rf7
data/1044.png,Ng7+
data2/51261.png,Nb8#
test_data/images/1799.jpe,e5
data/1056.png,Qxg2
data/1425.png,Rb1
data2/51437.png,Re4
data/689.png,f4#
test_data/images/1420.jpe,Nc3
data2/50123.png,Qd1+
data2/51222.png,xh5
data2/50743.png,Kd8#
data/1157.png,Nf5+
data/1170.png,Rc8
data/341.png,Qxb3
data2/51166.png,Rf4+
test_data/images/1451.png,f4
data2/51009.png,b1+
test_data/images/1192.jpe,Bb2
test_data/images/146.png,b5
data/488.png,Na7#
data2/50777.png,Kc3#
data/1482.png,Qxb8
data2/50959.png,c8#
data/791.png,Qc4
test_data/images/1259.jpe,Bd4+
data2/50404.png,Qxb8
test_data/images/2272.jpe,Bc3
data/34.png,Na4
data2/50045.png,Bg6
data/820.png,Rh1+
data2/50301.png,Qh4+
data2/51218.png,Rg3#
data2/51164.png,Rxd5
data2/50866.png,Bd5
data/1256.png,Qe5
data2/50265.png,Qh6+
data/183.png,Qxa3
data2/50234.png,a4+
data/509.png,Kxg4
data/387.png,xg6
data2/51425.png,Kb7
data/427.png,Nxh5
data/1010.png,Ne4
test_data/images/1204.jpe,Bc3
data/1156.png,xe5
data2/51254.png,Nh2#
data/818.png,Qb7
data2/50331.png,Kd1+
test_data/images/1667.jpe,d5
data/86.png,Ba1#
data2/50050.png,Na2
test_data/images/1683.jpe,Bc3
data2/51063.png,Bxd1
test_data/images/1469.png,g5
data2/50708.png,Rxd2
data/1398.png,Kxg7
data2/50659.png,Rxa3
data2/50836.png,Ke3
data2/51417.png,xf7
data2/50757.png,Bxc2
test_data/images/1846.jpe,c3
data/1245.png,Bf1
data2/50858.png,Ba8+
data/795.png,c8
data2/50115.png,Kf2+
data/811.png,xg6
data2/50683.png,Bb2
test_data/images/199.png,cxd4
data/996.png,Bc3#
data2/50219.png,Be6+
data2/50509.png,Nc7#
data/1416.png,Be7
data2/51008.png,Be7
data/1167.png,Na2
data/1145.png,Ka2
data2/50637.png,Nh7#
data/525.png,Bxf2
test_data/images/1444.png,cxd4
data/1126.png,Bd1#
data2/50827.png,Qxe2
data2/50878.png,Bd5+
data2/50035.png,Na8+
test_data/images/1850.jpe,Qxc7
data/856.png,Rb3
data/1018.png,Rb7#
data/552.png,Qf5+
data/1031.png,Nxb3
test_data/images/1367.png,Nxd5
data/969.png,Bxd2
data/1040.png,Rg4
test_data/images/171.png,c4
data2/51182.png,Ra5+
data/401.png,Ka4
data2/51334.png,Qb6
test_data/images/1271.png,Nf6
data2/50945.png,Qf2#
test_data/images/1704.jpe,Qa6
data2/50912.png,Qh6#
data2/50670.png,Nf7#
data/1370.png,xb2
data/1467.png,a5
data2/50953.png,Kc4
data/106.png,Kg4+
data/751.png,Rb5#
test_data/images/1579.jpe,a4
data2/50518.png,e4
data2/51371.png,d3
data2/50133.png,Rf1+
data2/50208.png,Nxc2
test_data/images/1384.jpe,c5
test_data/images/2271.jpe,Rb8
data/153.png,Ng6#
data2/50843.png,Kf1#
data2/50212.png,Qxb6
data/127.png,Qxd2
data2/51037.png,b1
data2/51450.png,g3#
data2/51356.png,Be1
data/1293.png,xa3
data/1226.png,Ba8+
test_data/images/1768.jpe,Bd6
data2/51235.png,Qxg1
data/922.png,Ng1+
data/546.png,Qa8+
data/1158.png,Be3
data2/50614.png,Bxf5
data/1048.png,h1+
data/126.png,Qb3
data/908.png,Qf2+
data/936.png,h8+
test_data/images/1958.jpe,Nxd2
test_data/images/2034.jpe,Nxe5
data2/50242.png,Nh8#
data2/50914.png,Nf7+
test_data/images/2262.jpe,f3
data2/50465.png,f6
test_data/images/1330.png,e5
test_data/images/1409.jpe,e5
test_data/images/1781.jpe,Qxe8+
data2/50569.png,Rd3
data/1155.png,Rd5#
data/1393.png,Kb6#
test_data/images/2058.jpe,Bc6
data2/50030.png,Qg7#
data2/50760.png,Rg4+
data/543.png,Kxb6
test_data/images/1722.jpe,Rd8
test_data/images/1717.jpe,Rb1
data2/50423.png,Bxa5
data/131.png,h4+
data2/50533.png,Qe1#
data/736.png,Nh3#
data2/50951.png,Bxe1
data2/50820.png,Ne5
data/828.png,f7
data/925.png,Rf6#
test_data/images/299.jpe,h3
data2/50933.png,Bc2+
data2/50494.png,Qd8
data2/51002.png,Bg6
data/197.png,d8
data/265.png,f7+
test_data/images/1270.png,Nxd4
data/36.png,f2+
data2/51198.png,Rg4+
data/944.png,Bg8+
data/239.png,Ng6+
data2/50677.png,Kb5+
test_data/images/1838.jpe,Nd5
test_data/images/2284.jpe,Qc2
test_data/images/1964.jpe,Rhd8
data2/50079.png,Qxe3
data/700.png,d6+
test_data/images/1392.jpe,Nbc6
test_data/images/1509.jpe,Bc4
test_data/images/191.png,Bh3
data2/50752.png,Nxd1
data2/50381.png,Qxc3
test_data/images/2268.jpe,bxc4
data2/50464.png,Be3
data2/50489.png,Bf7#
data/894.png,Rb3
data/1478.png,g7
data/578.png,g3#
test_data/images/450.jpe,f4
data/734.png,Nf8
data/247.png,Nh8+
test_data/images/1538.jpe,b8=Q
data/904.png,Bxc8
data/484.png,Qxe4
data2/50095.png,Nf7#
data/235.png,Kd2
data/278.png,Kxc7
test_data/images/2094.jpe,Be6
data/323.png,Ke6
test_data/images/1692.jpe,Qa5
test_data/images/1267.png,d6
data/29.png,Kf4
data/1130.png,Kd2
data2/51423.png,O-O-O
test_data/images/1721.jpe,Na5
data/443.png,Nf2
data2/50695.png,Re3
data2/50183.png,Ng2#
data/1386.png,Qxd4
data/659.png,Ka4+
data2/51321.png,Bg5#
data/702.png,Kxg4
data/312.png,Qxd7
data2/51154.png,Rxg8
data2/50131.png,Qa8+
test_data/images/468.jpe,O-O
data/60.png,Rxg3
data/1011.png,Nb8
data2/50972.png,Nxa6
data/1252.png,Rxb7
data/589.png,Bd8
data2/51190.png,Bxb2
data2/50061.png,g7#
data/504.png,Nc8
data2/51278.png,Rg8
data2/50982.png,Kd1+
data2/50362.png,Kf5
data/1339.png,Bf6+
data/76.png,Ke8#
data2/50857.png,Rg2
data2/51457.png,Qxb3
data2/50979.png,Be2#
data2/50126.png,Kf8#
test_data/images/2073.jpe,Rxd8+
test_data/images/198.png,d4
data/1463.png,Bxf3
data2/51151.png,Ba4
data/72.png,Rb4
test_data/images/1861.jpe,Bxc7
data/1069.png,c5#
data/1219.png,e4
test_data/images/1329.png,b5
data/637.png,Kxf4
data2/51435.png,Bb3+
test_data/images/2088.jpe,Kc8
data/284.png,Qxf8
test_data/images/2019.jpe,e5
test_data/images/1186.jpe,c4
data/1363.png,Rxb2
test_data/images/238.png,Nc3
data2/50102.png,Rb8#
data/99.png,Nxg8
data2/50434.png,Ra5#
data2/50751.png,Bxf3
data/599.png,Rh5
data/617.png,Re6
data/1027.png,Nxe3
test_data/images/2060.jpe,Rg4
data2/50957.png,Bg8
data2/51413.png,Bxb7
data2/50456.png,Qa4#
data2/50172.png,Rf8
data/719.png,Be4+
data2/51034.png,e5#
data/74.png,Rf8
test_data/images/1592.jpe,d6
test_data/images/190.png,f6
data2/51449.png,Bxg8
data/1377.png,Kf5
data2/50855.png,f7+
data2/50809.png,Qc2
test_data/images/2204.jpe,Nf6
data/1282.png,Bf3+
data2/50594.png,Bxf1
data2/51383.png,Qc8
data/314.png,Ke8
data2/50650.png,a2
data/23.png,Kh2
test_data/images/2266.jpe,Bd3
test_data/images/150.png,Qc7
test_data/images/1411.jpe,d6
data2/50797.png,Qf6+
data2/50834.png,Kb3#
data/937.png,Ba3+
data/167.png,Bd2+
data2/51295.png,Rf5+
data2/50207.png,Nxg3
data/1414.png,Ba6
test_data/images/1343.png,b4
test_data/images/1828.jpe,h3
data2/51038.png,h7#
data2/50226.png,Qxd4
data2/51140.png,Rxf4
data2/50736.png,Rb4+
data/626.png,Bh4+
data/82.png,Bxh4
test_data/images/1461.png,O-O-O
data/1308.png,Kd6+
data2/50619.png,Ba4
data/614.png,Rxb4
data/959.png,Rg4#
data2/50134.png,xb6
data2/50274.png,Kg4#
data2/50781.png,xc8
data/14.png,Na8
data2/50825.png,Kh7#
data2/50516.png,f1+
data2/51220.png,Nd1#
data/558.png,Rxa7
data2/51455.png,xf5
data2/51258.png,Kb7+
test_data/images/1760.jpe,d5
data2/50764.png,Re3#
data2/51484.png,Bxf3
data/949.png,Rh4#
data/508.png,Qd6
data2/50648.png,Nxe6
data/442.png,Nxg7
data2/50853.png,Qa3#
test_data/images/2207.jpe,Bb3
test_data/images/1966.jpe,dxc5
data2/50230.png,e2#
data/788.png,Bb2+
data2/50083.png,Qxd6
data2/51290.png,xh3
data2/50925.png,Bb8
data2/51095.png,Qxc7
data/159.png,Rxh2
data2/50336.png,Nh2+
data/429.png,Nd1+
data/1404.png,Ba2+
data/1024.png,Qe3
data/1380.png,f7+
test_data/images/1973.jpe,g3
data2/51416.png,Kb2
test_data/images/1292.png,Bd3
data2/50684.png,Qxe7
data2/51310.png,O-O
test_data/images/1675.jpe,e4
data/49.png,Nf2
data/978.png,Nd4+
test_data/images/1212.jpe,Nxc3
data/3.png,Kg1
data2/51127.png,Qf1
test_data/images/2064.jpe,Bxg4
data2/50898.png,Bb7
data/535.png,Qh7+
test_data/images/2277.jpe,Na4
data/1173.png,xd1
data/450.png,Rg6#
data2/50782.png,Ba1#
data2/50078.png,xh1
data2/51491.png,Rb6+
data2/50430.png,Kc6+
test_data/images/1995.jpe,fxe6
test_data/images/2016.jpe,Nf6
data2/50559.png,Nxb2
data/722.png,Kh5#
data/621.png,Qa1
data2/50445.png,Ne3+
data/318.png,b8
data2/50734.png,xb6
data2/50458.png,Ka8
data/673.png,b6
data/990.png,Ke6#
data2/50016.png,Kb5#
data/1092.png,e8
data2/51025.png,Qd4
data/1227.png,Kb6
data2/50813.png,b4#
data2/51091.png,Qxc4
data2/50142.png,Ne4+
data2/50625.png,Kc6+
data/139.png,Nxc6
data/1014.png,Qe1#
data2/50913.png,O-O-O
data2/50718.png,Rxh2
data/694.png,Ne8+
data2/50422.png,Rf2+
data/1304.png,Rg1+
data/242.png,Bb5
test_data/images/1673.jpe,f3
test_data/images/1669.jpe,b3
test_data/images/1746.jpe,Nc6
data2/50023.png,Nxc5
test_data/images/1439.png,e4
data2/50977.png,Kxc8
data2/50762.png,Rxd6
data/317.png,Kxh8
data/810.png,a4+
test_data/images/139.png,d3
data2/50068.png,Rf6
test_data/images/1510.jpe,dxc4
data/971.png,Bd8
test_data/images/1519.jpe,Qxd8
data/447.png,c8+
test_data/images/2068.jpe,Rf8
data/874.png,Qa2
data/156.png,Kxb6
data/709.png,Rxb7
test_data/images/1487.png,Nc3
data/417.png,c7
data/1211.png,Nh1+
data/416.png,Nxc3
data/1446.png,Nxb6
data/767.png,d7#
test_data/images/2083.jpe,Rg7
data2/50384.png,Qe6#
data/643.png,Rb1#
data/887.png,Qxd4
test_data/images/225.png,Ng4
data2/51094.png,Qa6#
data/730.png,Re2
data2/50247.png,Nd7
data/471.png,b4
data/1084.png,Bxa8
data2/51483.png,xc2
data/854.png,Rxe7
test_data/images/2290.jpe,Nc3
test_data/images/1595.jpe,e4
data/332.png,f6+
data2/50289.png,Bf7
data2/50327.png,Qd4+
data/743.png,Qa5#
test_data/images/1600.jpe,dxc4
data/1325.png,Kh2+
data/770.png,Rg7
data2/51263.png,Be2#
data2/51424.png,Ra5+
data2/50382.png,Bh5+
data/1260.png,Ng2+
data/1349.png,Nb8
data/1415.png,Nh6+
data/515.png,Ka8#
data/135.png,Rxf3
data/1230.png,Kg4+
test_data/images/2199.jpe,Nf3
data2/50261.png,Rg6+
test_data/images/1741.jpe,Qb5
test_data/images/1438.jpe,Qxf8#
test_data/images/1756.jpe,d6
test_data/images/1796.jpe,d5
data2/50345.png,Qa4#
data2/50504.png,d7#
data/1002.png,Nf3+
data/122.png,Kxb3
data/1202.png,g5+
test_data/images/152.png,Bb7
data2/50908.png,Bd8
data/931.png,Qb8+
data/884.png,Rxa1
data/52.png,Kc7
test_data/images/1728.jpe,Rb8
data2/51433.png,Nd4+
data/164.png,Bxa2
data2/50507.png,Nxg2
data2/50893.png,Qh5#
data/684.png,Qa2#
data2/51404.png,f2
data/24.png,Nc2
data/482.png,Nf3
data/1491.png,Be6+
data2/51162.png,Qa7
data/670.png,xd1
data2/50357.png,Kf4+
test_data/images/1304.png,Qxg4
test_data/images/1535.jpe,a6
data2/50829.png,Bg3
test_data/images/1827.jpe,Nbd7
data2/50125.png,Qxh8
data/855.png,Nf1+
data2/50909.png,Qxd4
data/434.png,g1+
data/390.png,a6#
test_data/images/1774.jpe,Kh8
data2/51169.png,Nc2+
data/296.png,Qc2
test_data/images/1514.jpe,Bd6
test_data/images/210.png,a3
data/196.png,f3#
data2/51305.png,Rf2+
data/395.png,Bc4#
data/409.png,Nxf4
data/421.png,Be4+
data2/50805.png,a6+
test_data/images/1954.jpe,Nc5
data/548.png,Re3
data/506.png,Kh5
data/1366.png,Ba6
data2/50563.png,Nxc6
test_data/images/2069.jpe,Rf1
data2/51294.png,Nxb3
test_data/images/204.png,Bg5
data2/50137.png,Nb2+
data2/51114.png,Qxh6
test_data/images/1709.jpe,Ne2
data2/51120.png,Qb5
data2/50549.png,Nb1+
data/926.png,Ba2#
data2/51303.png,Kxc5
data/1114.png,Kh1
data2/50916.png,Qxg3
data2/50311.png,Nf5
test_data/images/1222.jpe,Nc3
data/739.png,Nxh8
data/63.png,Nxd5
data/1296.png,Ne4#
data2/50092.png,e4
test_data/images/1467.png,Bd3
data2/50007.png,g8
data2/51017.png,Qd5#
test_data/images/1436.jpe,Qxe8+
test_data/images/1744.jpe,b5
data/824.png,Nd7
data/1442.png,Nh5+
data2/50452.png,Rb2#
test_data/images/131.png,Nf3
data2/50342.png,Qb1#
data/142.png,xe1
data/775.png,Nb2+
data2/50192.png,Qe3
data/1421.png,c8+
data/237.png,Re1+
data/380.png,a2
data/59.png,xa4
data/245.png,Bb7
test_data/images/1463.png,g4
data2/50974.png,Bd5
data/345.png,b5#
data/1334.png,Rxe6
data/913.png,Rxd3
data/73.png,Qg1#
data2/51354.png,Na4
data2/50285.png,b1#
data/1318.png,Kb8
data/537.png,Kxc5
data/133.png,Qb1+
data/1448.png,Ba7+
data2/51020.png,Kg7+
test_data/images/1665.jpe,c4
test_data/images/2280.jpe,Nxc3
test_data/images/1880.jpe,Nf6
data2/50550.png,Rg3
data/740.png,Ke2
data2/51237.png,e6#
test_data/images/1356.png,Rad1
data2/50474.png,Bxb3
data/1336.png,Kc8#
data2/51062.png,Ne8#
test_data/images/1273.png,a6
data2/50515.png,h5
test_data/images/1256.jpe,Nxe7+
test_data/images/2283.jpe,Qa3
data2/50333.png,a3
data/45.png,Nh7+
test_data/images/1945.jpe,f3
data2/51489.png,Qxe1
data2/50450.png,Nh4#
data/1492.png,Bc6+
data2/50641.png,Bd6+
data/43.png,h3#
data/771.png,Qg4
test_data/images/2233.jpe,fxe4
test_data/images/1833.jpe,b6
data2/51246.png,Qa1
data/860.png,Kb3+
test_data/images/2074.jpe,Kxd8
test_data/images/2278.jpe,Rc1
test_data/images/1588.jpe,Bb7
data/355.png,Bg1#
data2/50111.png,Ka3+
test_data/images/1963.jpe,Na4
data/737.png,Qxc3
data2/50419.png,xe5
test_data/images/1414.jpe,e4
data2/50541.png,Kxe2
data/1042.png,Bh7
data2/50588.png,Rf2
data/871.png,Rf2
data2/50819.png,Nb5#
data/875.png,Re2+
data2/50402.png,Kb8#
data2/51420.png,Re7#
data/1471.png,g7+
test_data/images/1682.jpe,Rb8
data2/50921.png,Kh8+
test_data/images/2221.jpe,Nxd7
test_data/images/1524.jpe,Nd5
test_data/images/1948.jpe,Qf6
data/928.png,Kb4
data/813.png,Kxh6
test_data/images/2254.jpe,c4
data2/51236.png,Bg3+
data/598.png,Bf5+
test_data/images/1465.png,h4
data2/50401.png,b6
data/675.png,Ke8
test_data/images/186.png,Rxb1
data2/50227.png,Bf1+
data2/50529.png,Kf5#
data/1234.png,Bxg2
data/386.png,Re8#
test_data/images/1751.jpe,b8=Q
data/1099.png,xc6
data/1249.png,c5+
data/1306.png,Bc4
data2/51150.png,b3+
data/102.png,Ng8#
data/991.png,Kh3
test_data/images/181.png,Nxd4
data/1319.png,Rxb7
data/834.png,Qa3+
data2/50880.png,Bxe5
test_data/images/1450.png,e6
data2/50380.png,Bb4+
data2/50970.png,Ng8#
data/1246.png,Bf5#
data2/50528.png,xe8
data2/51082.png,Bd8
data/1305.png,b6#
data2/51157.png,Kf7
data/432.png,Ng2#
data/483.png,Qb5
data2/51228.png,Rc2+
test_data/images/1274.png,Bg5
data2/51301.png,Bg5
data/464.png,Ne8#
data/1021.png,Kd5
data2/50400.png,Bxf3
test_data/images/1539.jpe,Bb7
data/339.png,xf1
test_data/images/2005.jpe,Kf3
test_data/images/1294.png,g5
data/914.png,Nh5#
data/1470.png,xg5
data/1450.png,xf4
data/1125.png,Nf5#
data/641.png,e8#
data2/50019.png,xb8
data2/50451.png,Kxa4
data2/50340.png,O-O
data/1030.png,Bxd6
data/1154.png,Qxb3
data/967.png,Nb5#
test_data/images/1527.jpe,Qxe8+
test_data/images/166.png,a4
data2/50010.png,Rh3
test_data/images/1856.jpe,R1xd2
data/1379.png,Bxf6
data/375.png,xf4
data2/50017.png,Qf7+
data/582.png,Rc3
data/680.png,Bxd3
test_data/images/1402.jpe,b6
data2/50188.png,Qa2+
data/1065.png,Bf1#
test_data/images/1217.jpe,Rb7
test_data/images/1705.jpe,g4
test_data/images/1778.jpe,Nd5
data2/50048.png,Rg1#
data2/50283.png,Qd7
data/475.png,Qxg1
data2/50236.png,Nc6
data2/50676.png,Ba4
data/794.png,Nb6#
data/448.png,Re5#
data2/50231.png,Qd3+
data2/51324.png,Kf5+
data/574.png,xc2
data2/51262.png,Kg5
test_data/images/1826.jpe,Qd2
data/1090.png,Qb4#
test_data/images/2002.jpe,a2
data/1091.png,Re4
data2/50926.png,b5#
data/781.png,Nh7
test_data/images/2009.jpe,e4
test_data/images/2035.jpe,f4
data/1212.png,Nxh8
data2/50347.png,g7+
data2/51229.png,Rh7
data2/50200.png,Rxa5
test_data/images/1482.png,Qa4
test_data/images/1346.png,Ng4
data/780.png,Bc5+
test_data/images/1594.jpe,Nxe5
data2/50877.png,Nxc4
data2/50272.png,Kb4#
data/1453.png,xf2
data/600.png,Kf8+
test_data/images/2012.jpe,Nc6
data2/50638.png,d1+
data2/50473.png,Bxc6
data2/51387.png,a1
data/162.png,g7+
data/511.png,Qg8
data2/50209.png,h2#
data2/51203.png,xc2
test_data/images/1731.jpe,Nc6
data/768.png,Re3#
data2/51066.png,Ka3+
data2/50185.png,Kb5+
data/5.png,Kg3+
test_data/images/137.png,O-O
data2/51402.png,Ba6#
data2/51451.png,Bxh1
data2/50850.png,Nxd7
data2/51040.png,Qxf8
data/731.png,Rg4+
data/1264.png,b8+
data/1208.png,Kxh3
data2/50360.png,Kc3
test_data/images/219.png,Bb7
data/973.png,Be4
data/384.png,Ne4+
data2/50174.png,c8#
data/1429.png,Bxg3
data/866.png,Qxg6
test_data/images/1583.jpe,b6
test_data/images/1981.jpe,Rxd3
data/1460.png,xg6
data/1153.png,Qxd3
data2/50984.png,Rxa8
data2/51407.png,Ne6+
test_data/images/144.png,Nc6
data/785.png,Kc7+
data2/51267.png,Kb7+
data/650.png,xg1
data2/50653.png,Bb4+
test_data/images/1264.png,e4
data2/51445.png,Qa3
data2/50171.png,Bh3#
data/255.png,Nc2#
data/1331.png,xf4
data2/50365.png,b1
data2/50769.png,Kxh7
test_data/images/2097.jpe,Rf8
test_data/images/2038.jpe,Bd6
test_data/images/2236.jpe,d4
data/1057.png,Nd3+
test_data/images/1337.png,Rfc8
data2/50186.png,Bb3
data2/51217.png,Rd3#
data2/50725.png,Rf3#
data/806.png,Ka1
data/181.png,Bxa4
data2/51492.png,xb5
test_data/images/1671.jpe,Bb2
test_data/images/1501.jpe,fxe5
data2/50233.png,Nf4#
data/439.png,Ka7#
data/1072.png,Bxf8
data2/51119.png,Qxf3
data/438.png,Qd5+
test_data/images/1820.jpe,Be3
test_data/images/2241.jpe,Nd5
data2/50254.png,Be2+
data2/50258.png,Rc3
test_data/images/183.png,Nxd5
data2/50403.png,Qf5
data2/51486.png,Ka5
test_data/images/474.jpe,Bd2
data/1278.png,Nf6
data/501.png,Qh3#
test_data/images/1226.jpe,g4
data2/50583.png,Ng8
data/1129.png,Rxg6
data2/50097.png,Rxh5
data/560.png,Ba5
test_data/images/2210.jpe,Qd7
data2/51391.png,Nb4
test_data/images/207.png,h6
data/1465.png,Ra8
test_data/images/1587.jpe,b8=Q
data2/50642.png,Qxc4
data/219.png,Bd2+
test_data/images/2291.jpe,Qa3
data2/50025.png,Kd1+
data/792.png,Bxe4
data/924.png,Ng7+
data2/51287.png,Rg3#
test_data/images/1486.png,Qa4
data2/50750.png,Kc8
data/31.png,Qg2
data/596.png,Rxg5
data/1073.png,Bc6#
data2/50667.png,Qxf8
data2/50746.png,Qxd8
data2/51264.png,Ne5+
data2/50383.png,Rxf4
data/111.png,g1+
data2/50324.png,Bxb8
test_data/images/1233.jpe,Rd7
data/744.png,Ba4+
data2/50790.png,Bb3#
data/1207.png,Kxh3
data2/51351.png,Qh3#
test_data/images/1957.jpe,Kc2
test_data/images/1459.png,Qf3
test_data/images/1388.jpe,Ne7
data/485.png,Rxc4
data/545.png,Bf3
data/512.png,h3#
data2/50787.png,e1#
data2/51078.png,Qh4#
test_data/images/1847.jpe,a5
test_data/images/2269.jpe,Nbd7
data/950.png,Qa2+
data/1458.png,Rh6#
data2/50711.png,Qxd2
test_data/images/189.png,e6
data/217.png,Rf2#
data/1196.png,Rf1
data2/50106.png,Qxe8
data/1287.png,Qd5#
test_data/images/1849.jpe,Qe6
data/1139.png,Kb7#
data/1111.png,Qe7
data/988.png,Rf3
data/701.png,Nc2#
data/840.png,h7
data2/50020.png,Kxb5
test_data/images/155.png,N1h2
test_data/images/460.jpe,Bc4
test_data/images/2287.jpe,Qb4
test_data/images/1435.jpe,Re8
data2/50606.png,e1
test_data/images/1497.jpe,b8=Q
data2/51088.png,Qg3
test_data/images/1360.png,Rb1
test_data/images/2067.jpe,Rd1
data/933.png,Qb8
data/604.png,Ne7#
test_data/images/1965.jpe,c5
data2/50439.png,Nxa3
data2/51481.png,Qf1+
test_data/images/1196.jpe,e4
data2/50607.png,Nxa5
data2/51116.png,Nd3
data2/50793.png,Kd6#
data/1353.png,Ne5#
data2/50387.png,Qc2+
data2/50223.png,Qxc4
data/618.png,Bc6
data/630.png,Nd6
data/446.png,Re4+
data2/51115.png,Bxf4
data/1428.png,Bxh6
data/1036.png,Bxf2
test_data/images/2222.jpe,Bxc2
data2/50202.png,Qf1+
data2/50795.png,Nd6+
data/385.png,Qb7+
test_data/images/1839.jpe,Nxd5
test_data/images/1525.jpe,Qxg6
data/1038.png,xa1
data2/51298.png,Kc6+
data/282.png,Rd7#
test_data/images/1543.jpe,d6
test_data/images/1190.jpe,b3
test_data/images/1496.jpe,Ra7
test_data/images/1341.png,h6
data2/51046.png,xd6
data2/50344.png,Rd6+
data2/50779.png,Kh1+
data2/50063.png,Qxc6
data2/50496.png,xe7
data/1228.png,Nh3
data/440.png,c8+
data/275.png,Kxd3
data/1241.png,xd1
test_data/images/1490.jpe,b5
data2/50031.png,Kb2
data2/51281.png,Kxd7
data/544.png,Re7+
test_data/images/2015.jpe,c3
data2/50630.png,Na3#
data2/50475.png,Ne2+
test_data/images/1279.png,Qb6
data/287.png,f3#
data2/50245.png,Bg6
data2/50184.png,Nxe6
data2/50376.png,a8+
data/1433.png,b5+
data2/50312.png,Bxc5
test_data/images/240.png,Na2
data/653.png,f1
test_data/images/1854.jpe,Nd2
test_data/images/1700.jpe,Qa4
data/923.png,Ke3
data/1103.png,e7+
data/1484.png,Bd4#
data/195.png,Rd8+
data/864.png,Qb2+
data2/50389.png,Nb4+
data2/51118.png,f7#
data2/50547.png,Bh5+
data/1361.png,Nc7#
data2/50255.png,Nxa3
data/901.png,Bh2#
test_data/images/1663.jpe,d4
data2/50812.png,Ke7
data2/50920.png,Ra7
test_data/images/1495.jpe,b7
data/1397.png,Bf1#
data2/50526.png,Qc6
data2/51266.png,e4#
data2/50002.png,f6
test_data/images/2206.jpe,d6
data2/51102.png,Bf7
data2/50723.png,Bh8+
data/1327.png,Rb3#
data2/50037.png,Qc7#
data2/51161.png,Qh6#
data2/51155.png,Be3+
test_data/images/1476.png,Qxb4
test_data/images/1434.jpe,Qxg6
data/1270.png,b6+
data2/51128.png,c1
data2/50158.png,Ra7#
data/326.png,Qxd3
test_data/images/1342.png,Ngf3
test_data/images/1816.jpe,d4
data2/50658.png,Rxf1
data/1161.png,Kxa6
test_data/images/2050.jpe,Be7
data2/51410.png,g5
data/979.png,Qb1
data2/50466.png,Na1
test_data/images/1668.jpe,b5
data/841.png,Rxf5
test_data/images/1254.jpe,Qa5
test_data/images/1335.png,Bb7
data2/50673.png,Kxc6
test_data/images/234.png,Qxg4
data2/50449.png,Qh4
data/201.png,Kh7
data2/50251.png,Qf3
data/1064.png,Na5#
data2/50349.png,Qf3
data2/50722.png,Nh1#
test_data/images/2212.jpe,h6
data2/50271.png,Kf6
data/608.png,Kb8+
data/1311.png,Qa2+
data2/51475.png,g5
test_data/images/2077.jpe,Rh7
test_data/images/2090.jpe,Kd7
data2/50530.png,Qa7+
data2/51286.png,Qf3+
data2/50206.png,e5
data2/51370.png,Bb3#
test_data/images/1386.jpe,Bxc3+
data2/50004.png,Rd2+
data/906.png,Rd2+
data2/51330.png,xe7
data/930.png,Bg3#
test_data/images/1286.png,O-O-O
data2/50300.png,d5
data2/51201.png,Nxa6
data2/50791.png,Ng4+
test_data/images/1290.png,h4
data2/51199.png,Be3
data/319.png,Kxg6
data2/50143.png,Ba3+
test_data/images/2209.jpe,Bc2
data/53.png,e6#
data2/50150.png,Nxc3
test_data/images/459.jpe,h6
test_data/images/2104.jpe,Ke7
test_data/images/2252.jpe,d4
test_data/images/1301.png,Qxb4
data/1169.png,Qxd4
data/620.png,Nh3#
data2/50112.png,a2
data/1310.png,Ke4
data/377.png,Ng2
data/837.png,Qa7#
data/1384.png,O-O
data/798.png,d6+
data/1395.png,Bb4
data2/51100.png,Rc8+
data/1222.png,Rf7
test_data/images/1365.png,cxd4
data/1055.png,Kf6#
data2/51087.png,xb4
data/542.png,Nxd4
test_data/images/2043.jpe,Bxe5
data/367.png,xd2
data2/50661.png,Qc3#
data2/50521.png,xd3
data2/50029.png,Qg3+
data/993.png,g6
data2/51419.png,Bd1
test_data/images/1818.jpe,Nc3
data2/50892.png,Nxf5
data2/51415.png,Ng4#
test_data/images/1288.png,g4
data/299.png,Bd4#
data/408.png,Qg2#
data/204.png,Rh7+
data/1100.png,Bh8+
data/593.png,Qa6#
data/609.png,Kh4#
data/1124.png,Qxb7
data2/50766.png,Rf2+
data/1110.png,Rc3+
data/1445.png,Nh8#
data/693.png,c7#
data2/50934.png,Bh8
test_data/images/132.png,Nf6
data2/51389.png,Nb4
data/1291.png,Bxg1
test_data/images/1308.png,Nc3
data/1047.png,Kb3+
data2/50639.png,Kd8+
data/373.png,Bh5
data/460.png,Bxd1
data2/50747.png,Bf8#
data2/51061.png,c3+
data2/51219.png,b2
data2/50629.png,Nf3+
data/857.png,Bxg1
data/327.png,h1
data/1216.png,Be7+
test_data/images/297.jpe,Bf6
data/804.png,Nf3
data2/51092.png,Rd6#
data2/51412.png,Rd4+
test_data/images/2208.jpe,Be6
data2/51060.png,Qxd7
data2/50988.png,xa2
data2/50164.png,Qg7
test_data/images/1761.jpe,Qh5
data/107.png,d2#
data/651.png,Qxa7
data/910.png,Rc3#
data2/50305.png,Rg4#
data2/50319.png,Qb1#
data/1023.png,Rd5#
data/580.png,Ng8
data2/50487.png,Bxc6
data/263.png,b5#
data/300.png,Nxf8
data/745.png,Qa5+
data2/50617.png,Ba7+
data/634.png,Ne4#
data/523.png,c5#
data/1138.png,Kd7+
data2/51386.png,Bc5
data/1342.png,xg7
data/1431.png,Ra5
data/454.png,Rxg6
test_data/images/1430.jpe,Nd1
data/1494.png,h2+
data2/51110.png,Qc8+
data/226.png,xa6
test_data/images/1822.jpe,a4
data/1483.png,Kd2#
test_data/images/224.png,g5
data/998.png,xa4
test_data/images/2261.jpe,Bg7
data2/50579.png,Nxa1
test_data/images/1189.jpe,b5
data2/50351.png,Nxa3
data/682.png,Bd4#
data2/51459.png,Rg5
test_data/images/1933.jpe,Nc3
test_data/images/1809.jpe,Be2
data2/50964.png,Kxh7
data2/50411.png,d8
data2/51064.png,Kxb4
data2/50053.png,Qb3
test_data/images/477.jpe,Re8
data/456.png,Rxg1
data2/50483.png,Qg6+
data/527.png,Nc8
test_data/images/2092.jpe,Bf7
data2/50511.png,Bxb3
test_data/images/1260.jpe,Nxd4
data2/51000.png,Bc8
data2/50215.png,Bf1+
data2/50599.png,e2#
data/647.png,Qxh1
data2/50218.png,b8#
data2/50294.png,Bxa6
data2/50562.png,Kf5
test_data/images/1321.png,Be7
data2/50235.png,Kd3#
data/1028.png,Qb4+
data2/50572.png,Rh5
test_data/images/2023.jpe,Nc3
data2/51042.png,Qh7+
data2/51170.png,Qh4#
data/502.png,Bxf2
data2/51256.png,Nf4+
data/715.png,Rxg2
test_data/images/1431.jpe,Bxe4
test_data/images/1498.jpe,Bb7
data2/50868.png,Bd2
data2/50763.png,Qb4+
data/158.png,h7#
test_data/images/2289.jpe,Qa4
data2/50442.png,Bh4+
data2/50831.png,Kxf2
data2/51007.png,Bxc7
test_data/images/1477.png,Rxg4
data/1117.png,Kxf1
data/95.png,Ng3#
data/1401.png,Nb2#
test_data/images/1412.jpe,Qc8
test_data/images/1208.jpe,Nd2
test_data/images/205.png,e6
data2/50250.png,f4
data2/50038.png,a2
data2/50965.png,Nf7#
data2/50689.png,Qxf6
data/462.png,Nf8
data2/50649.png,Bc5#
data2/50084.png,c8#
data2/50163.png,Re7
data/848.png,Rh5
test_data/images/1608.jpe,Rg8
test_data/images/2270.jpe,Ne2
data/1060.png,Kc8#
data2/51167.png,Ng4+
data/361.png,Qxd8
test_data/images/233.png,hxg4
data2/51126.png,Qxc4
data2/50417.png,Na8#
data/905.png,Nd1+
data2/50815.png,Qg3+
data/188.png,Nh3#
data/590.png,Kc2+
data/503.png,Qa8#
data/1025.png,Be4
data2/51379.png,c2#
data/316.png,Nxg6
data2/50113.png,Bd6
data/194.png,a6#
data/431.png,e3#
data2/50482.png,Nd4#
data/847.png,Rd5#
data/1149.png,Kg8
test_data/images/1802.jpe,Bxc3+
data/776.png,Ka5+
data2/51446.png,Nxd6
data2/50161.png,Nxe4
test_data/images/1993.jpe,f5
test_data/images/1821.jpe,a6
test_data/images/1398.jpe,a4
data/10.png,f2#
data2/51194.png,Qa8
test_data/images/1586.jpe,Ra7
data2/51098.png,Bxf5
data/1477.png,Bxa8
test_data/images/1817.jpe,Nf6
test_data/images/1952.jpe,Nd7
data2/50537.png,Nxf3
data2/51241.png,Bd1
data2/51313.png,Qe2#
data2/50314.png,Bg5+
data2/50643.png,Bd7#
data2/50728.png,Ra6
data/1413.png,Nxc4
data/568.png,Bd5#
data2/50155.png,Bh1
data2/50244.png,Ng4+
data2/50397.png,a1#
data/784.png,Ke4
data/808.png,b4+
data2/50105.png,Qf3
data2/51494.png,Kb2#
data/455.png,Rxg1
data/1.png,Nb7#
data/1089.png,Rc8
data/868.png,g4+
test_data/images/1836.jpe,Rfd1
data2/51297.png,Nxe1
data/1105.png,Rd1
data2/50099.png,Nf8+
test_data/images/2033.jpe,Nxe5
data2/50469.png,Qa8#
data/4.png,Qb7+
data2/50062.png,Ne6#
data2/50879.png,Ke6+
test_data/images/1403.jpe,a6
data2/50525.png,xb2
data/1259.png,Qc2
data2/50973.png,Rf4#
data/941.png,xa7
data2/50178.png,d8#
data2/50603.png,Nh3+
data2/50807.png,Bg2
data/311.png,b1+
data2/50941.png,Qh2+
data2/50282.png,Qg2+
data/934.png,Rd3
data2/51304.png,Rh2
data2/50573.png,Qb8#
data/1164.png,Rxf6
data/399.png,Re2#
test_data/images/1596.jpe,d5
data2/51174.png,Qb4
data/272.png,Rxf4
test_data/images/2011.jpe,Nf3
data/603.png,b5#
data/605.png,Kg4+
test_data/images/1879.jpe,d4
data/473.png,Bd8#
data/1104.png,e8+
data/1093.png,Nc5#
data/105.png,Ba8+
test_data/images/452.jpe,fxe5
data/198.png,Bxf8
test_data/images/1541.jpe,e5
data2/51065.png,Rh3
data2/50087.png,Nb5#
data2/50692.png,Qg7
data/1498.png,Ka3#
data2/50717.png,Kd2#
data/1423.png,Qxc7
data2/50055.png,Qd4+
data/262.png,Qb5+
data/1053.png,xh3
data/466.png,Rd8#
test_data/images/1851.jpe,Nxe4
test_data/images/1695.jpe,Qc2
data2/50371.png,Kxc1
test_data/images/1961.jpe,Rhd1
test_data/images/1334.png,Bf4
test_data/images/1988.jpe,Ra2+
data2/50313.png,Bc1
data2/50426.png,Rf6#
test_data/images/2091.jpe,g7
test_data/images/1986.jpe,Kc7
data/510.png,Qxf7
data/1032.png,Ra5
test_data/images/1944.jpe,Bb7
test_data/images/1339.png,Qd8
test_data/images/1493.jpe,b6
data2/50216.png,Kb7#
data2/50767.png,Qc7
data/125.png,f6
test_data/images/1241.jpe,Qa8
data/1376.png,e5#
data2/50685.png,Bxd4
data2/50961.png,Kg7+
data/984.png,Bxd6
data2/50018.png,Nxb2
data2/51168.png,Nb6+
test_data/images/1508.jpe,h6
test_data/images/1361.png,Bc6
data/1150.png,Ke1+
test_data/images/1299.png,b4
data/116.png,Na5#
test_data/images/1199.jpe,bxc4
data2/51196.png,Bg3+
data/404.png,Rb8
data2/50824.png,Nb6+
data2/50733.png,Nxh4
data/685.png,Qa4#
test_data/images/1248.jpe,Rxb5
data/1133.png,Qxg6
test_data/images/1207.jpe,Bd7
data/616.png,Kxd5
test_data/images/194.png,e4
data/328.png,Nf8#
data2/51318.png,Bxh2
data2/50785.png,Ka2
data2/51464.png,Qd2#
data2/51452.png,Qh1+
data/1231.png,Qb4#
data/20.png,Ka3#
test_data/images/2007.jpe,Kg2
test_data/images/1488.png,Qb4
data2/50065.png,Qxg6
test_data/images/1589.jpe,f4
data2/50730.png,Kxf3
data2/50399.png,Qa4#
data2/50008.png,f8#
test_data/images/1512.jpe,Ng6
test_data/images/1969.jpe,cxb6
data2/50960.png,Nb7+
test_data/images/1287.png,b5
test_data/images/2198.jpe,5e
data2/50697.png,Nxc3
data2/50810.png,Kxb3
data/140.png,Bxb8
test_data/images/1293.png,h5
test_data/images/1240.png,Nb7
data2/50508.png,O-O-O
test_data/images/1228.jpe,Nc3
data/371.png,Ng6#
data/1168.png,Bxe4
data/25.png,Kxh3
data/844.png,Ka2
test_data/images/1806.jpe,Qa5
data2/50886.png,Kf8
data/129.png,Rd6
data/178.png,d4+
test_data/images/1428.jpe,Qxd8
data2/51197.png,Qb5+
data/1368.png,Kc5+
data/54.png,Qg5
data2/50732.png,b7#
data/1457.png,Qxe1
data/976.png,Nf8#
test_data/images/2048.jpe,Bd7
data2/51238.png,Bb2
data/667.png,Kxg1
data2/50280.png,Rc3#
data/595.png,Ke3+
data2/51039.png,Kh7
data2/51183.png,Nxc7
data2/50100.png,Qh3
data/189.png,Bg7#
test_data/images/1955.jpe,b4
data2/50944.png,Bd8+
data/214.png,Kxg3
data2/50249.png,Bxh8
data/672.png,d7#
test_data/images/1503.jpe,Qc8
data/566.png,Nf7#
test_data/images/1358.png,Qe2
data/622.png,e7+
test_data/images/1499.jpe,f4
test_data/images/2273.jpe,Nb6
test_data/images/1253.jpe,Qb7
test_data/images/1853.jpe,Bf6
test_data/images/1754.jpe,e5
data/251.png,Qe8
data2/51085.png,Nf3+
data2/51029.png,Qe7#
data2/50322.png,Bxg4
data2/50522.png,Bb4+
data/40.png,h2
data/958.png,Qe5
data/1071.png,Bb1+
data/1108.png,xf1
data/845.png,d2
test_data/images/1750.jpe,Ra7
test_data/images/1355.png,Na5
test_data/images/1224.jpe,Nb1
test_data/images/2022.jpe,Bb4+
data2/51251.png,a1+
data/310.png,Ne7+
data2/50378.png,Bxg1
data/231.png,Rc2
test_data/images/2281.jpe,Qa5
data/324.png,Nb6
data/1261.png,Qh3+
test_data/images/1203.jpe,Rb8
data/758.png,Kxa6
data/677.png,Nxg3
test_data/images/1507.jpe,Qh5
test_data/images/176.png,Nb6
data2/50341.png,Ra5#
data/121.png,f1#
data2/51358.png,Bb2#
data/301.png,Ka3+
test_data/images/1725.jpe,Nb5
data/487.png,Nxg1
data/522.png,Na6#
test_data/images/1979.jpe,Na2
data2/50388.png,Be7#
data/1332.png,Kh6+
data2/50539.png,Bh2#
data/1456.png,Kxg1
data/190.png,Bxh1
data/2.png,a7
data2/51380.png,Na7
data/1402.png,Ba8+
data2/50556.png,Bh2#
data2/50363.png,Nh7
data2/50128.png,Nh7
test_data/images/1932.jpe,e6
data/224.png,Na2+
test_data/images/2037.jpe,Kh1
data2/51320.png,Rf6#
data2/51466.png,Qa3#
test_data/images/1599.jpe,Bc4
data2/50199.png,Ra8#
data2/51113.png,Qg6+
data/1362.png,Ne7+
data/419.png,Kxf6
data2/51337.png,Rh8
test_data/images/229.png,b4
data/1473.png,Qc3+
data2/51378.png,Rh7+
test_data/images/2008.jpe,Qg5+
test_data/images/1733.jpe,Qa5
data2/50654.png,Bh2#
data/660.png,Kxd7
test_data/images/2059.jpe,Nc3
data2/51302.png,Kxa1
data2/51364.png,Bc5#
data2/50119.png,Rd8
data/1101.png,Bd1+
data2/50407.png,h6
data2/50917.png,Kg5#
data2/50432.png,Kd2#
test_data/images/1359.png,Nb6
test_data/images/1996.jpe,fxe6
data2/51442.png,Ne1+
data2/51327.png,Qa4
test_data/images/2293.jpe,Qa6
data/1054.png,a3#
data2/50883.png,Qa8#
data2/50461.png,Rg7+
test_data/images/239.png,Qb4
test_data/images/485.jpe,Ra8
test_data/images/1864.jpe,Kf1
data/1406.png,g2#
data2/50826.png,Qc5
data/569.png,d5+
data2/51253.png,Qc8
data2/51138.png,c4+
data2/50071.png,Rg5#
data2/51216.png,Qf4
data/469.png,h5+
data2/51101.png,Ke2#
test_data/images/1462.png,b5
test_data/images/1844.jpe,Qc4
data2/50220.png,Kb2+
data2/50848.png,Ba5
data/716.png,Bxa6
data/1052.png,Qc8+
test_data/images/1187.jpe,c5
test_data/images/1693.jpe,Nb3
data/1417.png,Qd6+
data/7.png,a6#
data/363.png,Kc8
data2/50895.png,Nh4#
test_data/images/1730.jpe,Qxb8
data/281.png,Bf6+
data/807.png,Qe1
test_data/images/1399.jpe,b5
data/48.png,Qe4#
data2/51011.png,Qg7+
test_data/images/1606.jpe,Ne7
data2/50196.png,Qg3+
test_data/images/1348.png,h5
data/573.png,Qf6+
data/664.png,Re5
data2/51348.png,Qc8
data2/51048.png,Qh3
data/1217.png,Nxa7
data2/51306.png,Kc7#
data2/50523.png,g1+
data/51.png,xc4
data2/50991.png,Qa8
data2/51202.png,Qh6+
data/41.png,Rg8
data2/50577.png,Kxb1
test_data/images/2013.jpe,Bc4
data2/50794.png,b2+
data/1185.png,Bg5+
data/93.png,Kc6+
data/1113.png,Rxg8
data/547.png,Re2+
data2/50221.png,Kc4+
data/260.png,Kh2+
data/364.png,Bxg3
data/157.png,Rg4#
test_data/images/1453.png,Bh4
test_data/images/1417.jpe,h6
test_data/images/2081.jpe,hxg4
data2/50086.png,g2#
data/619.png,Bc6
data/1409.png,Bh7+
data2/50179.png,Bc3
test_data/images/1782.jpe,Bf8
data/424.png,Rh6
data2/50436.png,Qxb4
data2/50468.png,Ba4+
data/94.png,g3+
data2/50564.png,Bc3#
data/532.png,Nb4#
test_data/images/1387.jpe,bxc3
data/1375.png,Rb6+
data/762.png,Na1+
test_data/images/1470.png,Ng4
data2/51401.png,Ba7#
test_data/images/1775.jpe,Nd1
data2/50358.png,c3
data2/50060.png,Bc7#
data2/50954.png,Rb7+
test_data/images/2045.jpe,Bxg7
data/379.png,Ng5+
data/1174.png,Kh7
test_data/images/2056.jpe,Bb5
data/1459.png,d5
data/880.png,Nxe1
test_data/images/1291.png,Nc5
data2/50325.png,Kf7
data2/50517.png,Bh8+
data2/50036.png,Ne7
data/786.png,xg6
data2/51374.png,e4#
data2/50884.png,Kxg6
data/286.png,Qxd8
test_data/images/1281.png,Be7
data/110.png,Qg2#
data2/51311.png,Qxa8
data2/50391.png,Bxh3
data/656.png,Kg1#
data2/50263.png,Nf3
data/932.png,Ba5+
test_data/images/1454.png,Qb6
data2/51014.png,Kc3
data2/50936.png,Bg4+
data2/51328.png,Nxe8
data/137.png,Nxc4
test_data/images/217.png,b5
data/152.png,b1#
data2/50889.png,Bb1#
data2/51156.png,Rxb7
data2/50089.png,Kf3+
test_data/images/298.jpe,a6
test_data/images/1373.png,f6
data/128.png,Bf2
data2/50910.png,Kg4+
data2/50833.png,Bb4+
data/981.png,Rxc5
data2/50900.png,Na1
data2/50072.png,Qd6#
data/886.png,Ka5
data2/51109.png,e5#
data2/50335.png,g4
data2/51346.png,c7+
test_data/images/1234.jpe,Rb1
data2/50191.png,Rf4+
test_data/images/1407.jpe,Bb7
data/1165.png,Bg6#
data2/50792.png,Rh3#
data/1360.png,Nd2#
test_data/images/2076.jpe,h5
data/975.png,Be7
test_data/images/1943.jpe,Qd2
data/541.png,g3#
data/459.png,f6#
data2/51244.png,Qd8#
data2/51403.png,Kc4+
test_data/images/232.png,Rxg4
data2/50605.png,Bh6
data/1436.png,h3+
data2/50709.png,Ra7
test_data/images/2218.jpe,Ne5
test_data/images/1277.png,h6
data2/50140.png,Ra4+
data2/50655.png,e2+
data/489.png,Qd8
data2/50224.png,a4#
data/858.png,Ng1+
test_data/images/1677.jpe,Bd3
data2/50152.png,Rc8+
data2/50044.png,Re2+
data/389.png,Re2+
test_data/images/1472.png,Qb6
data/368.png,Kh7
data/215.png,Nxh8
data2/50686.png,Ra3+
data/956.png,Nb5#
data2/50994.png,Ne5
test_data/images/1481.png,Na2
test_data/images/1500.jpe,e5
test_data/images/2265.jpe,d6
test_data/images/1295.png,Ng4
data/1116.png,Bg5
data/507.png,Kh6#
test_data/images/1710.jpe,Ba4
data2/50896.png,Nxa8
test_data/images/295.jpe,axb5
test_data/images/1956.jpe,Nb3+
data/893.png,Na7
test_data/images/1232.jpe,Na5
data2/50270.png,Qg7
data2/50003.png,Bxf8
data2/50586.png,Qxb4
data/902.png,Qe5
data/6.png,Qxc1
test_data/images/2235.jpe,Nc3
data2/50127.png,h8+
test_data/images/1664.jpe,Nf6
data/26.png,Kxc4
data/47.png,Kg5+
test_data/images/1830.jpe,dxe5
data/1080.png,Bxc4
data2/50246.png,Rxc1
data2/51242.png,Qc8#
data2/50352.png,Nxe8
test_data/images/2234.jpe,fxe4
data/900.png,Rd6
test_data/images/2217.jpe,dxc5
test_data/images/1798.jpe,Bb4
data2/51363.png,O-O-O
data/1033.png,d1#
data2/51458.png,Qh8
data/696.png,Kf1
data/184.png,f1
test_data/images/1702.jpe,Qa3
data/32.png,Rc3
data2/50279.png,Qxa2
data2/50822.png,Re8
data2/50992.png,Bg1#
data/992.png,Qxg3
data/1441.png,Bh8#
data/406.png,Rxf6
data/652.png,Nxe5
data/402.png,Kc2#
test_data/images/1426.jpe,O-O
data/962.png,xh4
data/815.png,Na5+
data/1292.png,c2
data2/50132.png,Re4#
data/206.png,Kxh3
data/1191.png,Ke5+
data2/51097.png,Bg4#
data2/51136.png,Bg7
data2/50995.png,Rxh2
data2/51059.png,f7+
data/468.png,b2
data2/51043.png,Ka2
data/441.png,Rh4+
data2/50963.png,Kh5+
test_data/images/2001.jpe,gxh4
data2/51282.png,Bxd5
data/1497.png,Kxh3
data2/51141.png,Kf6
data/1452.png,Qh4#
test_data/images/1845.jpe,Rfe8
data/227.png,Bb2
data2/51248.png,Qxe8
data2/50542.png,Re8+
test_data/images/1429.jpe,Kh8
test_data/images/1515.jpe,Nf3
data/211.png,Nxd2
data/28.png,Qxf7
data/1013.png,Kxg4
data/1455.png,Qf4
data/581.png,Qxh6
data/1479.png,Kxe8
data/865.png,xe3
data2/50593.png,Nc5#
data/915.png,Rd7#
data2/50765.png,Nf7#
data/803.png,b4+
data2/50589.png,Qc8
data/579.png,Kf8#
data/797.png,Qxd6
data2/50612.png,Na5#
test_data/images/1194.jpe,f3
data/253.png,Qf1+
test_data/images/1978.jpe,Qe7
data2/50576.png,Qa7
data/308.png,Qc1+
data2/50116.png,Bd2+
test_data/images/2024.jpe,d6
data2/50544.png,f6#
data/422.png,Ne5+
data2/50269.png,Nb7#
data2/50443.png,Bd8#
test_data/images/1423.jpe,Bd6
data2/50374.png,Qc5#
test_data/images/1325.png,c5
data2/50565.png,Nxc3
data2/50597.png,Ke2
test_data/images/2065.jpe,h3
data2/51056.png,Qxf3
test_data/images/1231.jpe,Ba4
data2/50678.png,Nc7
data2/50476.png,Na6+
data2/51291.png,Qe3+
test_data/images/1230.jpe,Ne2
test_data/images/1769.jpe,Nf3
data/732.png,Kg7
data2/50370.png,h4#
data2/51447.png,Kb4+
data/761.png,Kxc4
data/141.png,Ne2#
data/1391.png,Nxc8
data2/51359.png,Nb2
test_data/images/1265.png,c5
data2/50626.png,Rxh6
data2/50580.png,Nxa4
test_data/images/1764.jpe,dxc4
data/1422.png,h7+
test_data/images/2089.jpe,Rg8
data2/50393.png,Bxf4
test_data/images/2098.jpe,Be6
data/711.png,Qxh8
data/919.png,Qb2
data2/50645.png,Ra3
data2/50318.png,Bxc8
data/415.png,Nxh8
test_data/images/235.png,Rb8
test_data/images/1332.png,Nf1
data/964.png,Ke7#
data/957.png,Kf3
data2/51495.png,Qe3+
data/1075.png,Kb3
data2/50557.png,Kc2+
test_data/images/1735.jpe,Nxe7+
test_data/images/1694.jpe,Qa3
test_data/images/173.png,Rad1
test_data/images/1707.jpe,Nc3
data2/50080.png,Kg5+
data2/51467.png,e2#
data/199.png,Kb1+
data2/50716.png,Rxa3
test_data/images/1283.png,Qc7
data2/50069.png,Kg2#
data/1444.png,Kd6
data2/50783.png,Qxc2
data/70.png,Bc1#
data/274.png,Kg4
data/1357.png,Kxb2
data2/51035.png,Rxg3
data/753.png,h4
test_data/images/1506.jpe,d5
test_data/images/1471.png,Rhg1
data/903.png,xg4
data/192.png,Bb7+
data2/50201.png,Bd5
test_data/images/1860.jpe,Rxe6
test_data/images/1466.png,Nc5
test_data/images/1244.jpe,Nc3
data/350.png,Kxh5
data/259.png,d2+
data2/50873.png,d6#
data2/50194.png,a7
data2/51418.png,Kd7
data/65.png,xa6
data2/50153.png,xc3
test_data/images/226.png,Rhg1
data2/50538.png,Na4
data/480.png,Nb3#
data2/50665.png,Rxe4
data/961.png,Qd3
test_data/images/1251.jpe,Qxb8
data2/51385.png,d4+
data/1299.png,Rd1
test_data/images/1590.jpe,e5
data2/50591.png,Nh1+
data2/50114.png,Ka4
data/629.png,e7+
data/754.png,Rxh8
data/1283.png,Qc1+
test_data/images/212.png,Bf2
data2/50956.png,Rxh5
data2/51173.png,Ba1
data/1412.png,Bb6+
test_data/images/2263.jpe,O-O
data2/50032.png,Rh4#
data/953.png,Nb5+
test_data/images/200.png,Nxd4
data/166.png,Ng7+
data2/50154.png,f5+
test_data/images/1530.jpe,a4
data/1188.png,Bxh1
data/360.png,Bf4+
data2/50076.png,Nd4
data/1132.png,Kxa1
data/748.png,Qd8
data2/51428.png,b1+
data/1078.png,xd3
data/1489.png,Qh8
data2/50472.png,Bf1#
data2/51146.png,Qh5#
data/646.png,Rf1
data2/50737.png,Kxc7
data/540.png,xd8
test_data/images/1716.jpe,Qxb8
data/1372.png,Rc1+
data2/50094.png,Bc7+
data2/50091.png,Rb3#
data/564.png,Rb6+
test_data/images/2044.jpe,O-O-O
data2/51207.png,Bh2+
data2/50447.png,Rxd2
data/1085.png,Qf6+
data2/50748.png,Rxb8
data/1019.png,Bxh3
data/1396.png,c6#
test_data/images/160.png,b4
data/968.png,Ke1#
data/413.png,Qxa2
data/585.png,Qh1+
data2/51366.png,c7+
data/1385.png,Nf4#
data2/51226.png,a2+
data/172.png,xf1
data/171.png,Kxf8
data/1088.png,Kc8#
data/805.png,Qxf5
test_data/images/1202.jpe,Ne2
test_data/images/455.jpe,Nxe5
data2/51240.png,xg2
data2/50187.png,Rxf5
data/16.png,Kxb1
data2/50703.png,Rxa5
test_data/images/1364.png,Nxd4
data/1059.png,h8+
test_data/images/1666.jpe,c5
test_data/images/1584.jpe,a6
test_data/images/2079.jpe,g4
data2/51084.png,Re2
data2/50385.png,h1+
data/861.png,Qxb1
data2/50668.png,Rb8#
data2/50117.png,f2+
data/1152.png,Nc5
data2/50567.png,c1
data/1277.png,c2+
data2/50410.png,Bxg6
data2/50175.png,Qxd5
data2/50842.png,Kd5
data2/51276.png,Nb2
data2/50012.png,Qxe1
data2/50488.png,Qd2
data/712.png,Kg7#
data2/50719.png,Ng2#
data/1392.png,Qxh6
test_data/images/1492.jpe,Nc6
data/883.png,g2+
data/1134.png,Bg7
data/827.png,Qg6#
test_data/images/1210.jpe,Rc1
data2/51030.png,a5
data2/51372.png,Qf3
data2/50292.png,Bxh7
data2/51026.png,Na1
data2/51288.png,Kxf2
data2/50520.png,Kxc2
data2/50744.png,Kb5
data/309.png,Nxa1
data/927.png,Nxh4
data2/50459.png,Rh6#
test_data/images/1776.jpe,Bxe4
data2/50818.png,Rxe1
data/539.png,Ne8#
data2/51377.png,Bxg1
data/513.png,h6#
data2/50534.png,Bg1#
data2/50214.png,Ke1#
data/938.png,Nxa1
test_data/images/1736.jpe,Kh8
data2/50699.png,Qb5
data/636.png,Rh7#
data/1043.png,Qb6#
data/576.png,Kf7+
data2/50354.png,f7
data/136.png,Kg6#
data2/50937.png,xe4
test_data/images/1810.jpe,cxd4
data2/51482.png,Nf4+
data2/51191.png,Qc5#
test_data/images/1239.jpe,Qd8
data2/50635.png,Kxf4
test_data/images/2231.jpe,f3
data2/50149.png,Kh8+
data2/51137.png,Rc3#
data/1486.png,Bd1#
data/1225.png,Re6+
data/713.png,Qg5
data2/50595.png,Bh1+
test_data/images/237.png,Qa4
data/1026.png,Qh3+
test_data/images/1395.jpe,Nxd4
data2/50938.png,Rxc2
test_data/images/1604.jpe,f6
test_data/images/218.png,g4
data/835.png,f2
data2/50103.png,h2+
test_data/images/1999.jpe,Nh4
test_data/images/2028.jpe,Qxd1
data2/50551.png,Rh4#
test_data/images/185.png,cxd5
test_data/images/2219.jpe,Nxe5
data2/51122.png,Bh2#
data/877.png,Rxa6
data/760.png,f8+
test_data/images/1521.jpe,Nd1
data/1356.png,Ra3+
data/1315.png,Re3+
test_data/images/169.png,bxa3
data2/50241.png,Ra7+
test_data/images/2040.jpe,fxe5
data2/51314.png,c1
data/832.png,Qg6+
data/97.png,Qa5
data2/50679.png,Ke1#
data/1335.png,d5#
data/187.png,Bf1+
data/1294.png,c4
data2/50775.png,Bd8#
data2/50309.png,Kf2+
data/1172.png,Kxh5
test_data/images/1446.png,Nf6
data/222.png,a2+
data2/50631.png,Re1+
test_data/images/1807.jpe,Bb2
test_data/images/1394.jpe,cxd4
data2/50753.png,Rg3+
data2/50621.png,Kxa3
data2/51382.png,Rb4+
data/720.png,Kxd5
data/1051.png,Ra8+
data/353.png,Nd2+
data2/51373.png,Be8#
data/1160.png,Bc8
data/907.png,Rxf4
data2/50398.png,Qc2
data2/50046.png,Ne6
data2/51270.png,Kg3#
test_data/images/1252.jpe,Nc6
test_data/images/1200.jpe,bxc4
data2/50608.png,Qxh3
data/104.png,Nxg4
test_data/images/462.jpe,Nc3
data2/51209.png,Re6
data2/50876.png,Qd5
data2/50981.png,g8#
data2/50077.png,Qh1
test_data/images/2085.jpe,g5
data2/51257.png,Rh5#
data/200.png,Nxh6
data/306.png,Kxh1
data2/50281.png,d2
data2/51023.png,Bxb5
test_data/images/1195.jpe,O-O
data2/50108.png,g7+
data2/50064.png,Ba2+
data2/51307.png,Kf6#
data2/50225.png,xa8
data/816.png,Rc3+
data/1289.png,Kg5+
data/492.png,Rg7+
test_data/images/1306.png,Na2
data2/50865.png,xc5
test_data/images/2215.jpe,cxd4
data2/50720.png,O-O-O
test_data/images/195.png,c5
data2/51132.png,Kc6#
data/160.png,xh2
test_data/images/2080.jpe,hxg4
data2/50275.png,c3
test_data/images/1480.png,Rb8
data/405.png,Kg3
test_data/images/1351.png,bxa3
data2/50902.png,Kg1+
data/277.png,Nd1
data2/51055.png,Nc7#
data/329.png,Ka8
data2/50778.png,Be5#
data/170.png,xf8
test_data/images/1396.jpe,Qa4
test_data/images/1310.png,Na2
data/679.png,Bxb8
data/945.png,Rd1+
test_data/images/142.png,c5
data2/50454.png,Ne3#
data2/50204.png,d4+
data2/51479.png,Rf6
data/451.png,Bb5+
test_data/images/1478.png,hxg4
data2/51421.png,O-O
test_data/images/2243.jpe,Nb6+
data2/51283.png,h8+
test_data/images/1415.jpe,d5
data2/50366.png,Kf4#
data2/50870.png,g8+
data2/51112.png,Kxh7
data2/50182.png,Qa1
test_data/images/445.jpe,a6
data2/51268.png,Kf4
data2/50943.png,Nb1+
data2/50412.png,Qc8#
data2/50814.png,Kd6
data/929.png,Bxh2
data2/50027.png,Qxb8
test_data/images/1410.jpe,fxe5
data/370.png,Nc1#
data/144.png,Qc7+
data/1340.png,Bh6#
data/749.png,Nd1
data/686.png,Bb8#
test_data/images/1739.jpe,Nxd4
data/752.png,Re4#
test_data/images/1714.jpe,Qd8
test_data/images/2066.jpe,Bd7
data2/50316.png,b5
data/497.png,Rc6+
data2/50421.png,Ne2+
data2/50405.png,Nxf7
data2/50531.png,Kxh8
data2/50260.png,Qxe3
data/897.png,Ra5+
data/291.png,Rxd3
data/940.png,f6+
data2/50386.png,Rxd3
data/534.png,Qg8
data2/50585.png,Qc2+
data2/51249.png,Rh4
data2/50788.png,xa3
test_data/images/1832.jpe,Bc4
data/942.png,Bd8
data2/50808.png,Bh5#
data2/50986.png,g6+
data2/51355.png,a1
data2/50680.png,Ne5+
data/1476.png,Bg2#
data2/50872.png,Ng1+
data/1313.png,Qxe5
data2/50849.png,Rg7#
data/703.png,Ra2+
data2/51326.png,Bc1+
test_data/images/1225.jpe,Qa6
data2/50796.png,Kc1
data/562.png,f2
data2/50433.png,Ra4+
data/1378.png,xc6
test_data/images/1397.jpe,c4
test_data/images/2242.jpe,Rhc8
data/163.png,Qh8
test_data/images/2099.jpe,g8=Q
test_data/images/2032.jpe,f6
data/203.png,Qh3#
test_data/images/1374.png,Bh3
test_data/images/1449.png,Bg5
data2/50623.png,g5
test_data/images/1456.png,Be7
data2/50513.png,Kc5#
test_data/images/1934.jpe,Nf6
data2/50969.png,Bg1
data2/50176.png,Ke4+
test_data/images/441.jpe,b5
data/586.png,Rb8+
test_data/images/236.png,Na2
data2/50662.png,Qe1+
test_data/images/167.png,a3
data2/50109.png,h2+
test_data/images/178.png,Bc6
test_data/images/2100.jpe,Bxg8
test_data/images/1284.png,Qf3
data/1352.png,Qh1#
test_data/images/1681.jpe,Ne2
data/738.png,Nc6#
data/1120.png,Rxb1
data/236.png,Rc1#
test_data/images/1581.jpe,axb5
data/1388.png,a1+
data/500.png,Nh4+
data2/50141.png,Kd4
test_data/images/2239.jpe,Bc7
test_data/images/1837.jpe,Qe7
data/83.png,c7+
data/1344.png,Re5+
data/1096.png,Qc5#
data2/50284.png,Qb3
test_data/images/209.png,Qb6
data2/51212.png,Bxh5
test_data/images/1416.jpe,Qh5
data/1374.png,Nc7+
test_data/images/1236.jpe,Rxb8
data2/50999.png,Kxg2
data2/50034.png,Ra1
test_data/images/1227.jpe,Rfb8
data2/51485.png,Rxc2
data2/51487.png,Bf1#
data/1462.png,xh4
test_data/images/1936.jpe,Bb4
data/452.png,Qxe6
data2/51012.png,Ng7+
test_data/images/145.png,Re1
data2/50286.png,Qa2+
test_data/images/2205.jpe,d3
test_data/images/1473.png,Kb1
data/149.png,Qxa1
data/479.png,Rg3
test_data/images/1972.jpe,Kb8
data2/50816.png,d4+
data/1405.png,Qf4#
data2/51277.png,Kd5#
data/478.png,Kxh2
data2/51322.png,Bc1+
test_data/images/1767.jpe,d3
data/1343.png,Ka5#
test_data/images/1489.jpe,a4
data2/50543.png,Bc5#
test_data/images/231.png,Qxb4
test_data/images/2063.jpe,Bxg4
data/396.png,Qg4+
data/1147.png,Kc4+
data2/50582.png,Nf1+
test_data/images/2057.jpe,Rfc1
test_data/images/1280.png,a3
data/997.png,Bc4#
data2/50666.png,Rc2#
data/559.png,Rxg8
data/234.png,Bc6+
data/1127.png,Kxc2
data/859.png,Rxf6
data/517.png,Bb5
test_data/images/1591.jpe,fxe5
data/533.png,d6
data/817.png,Rb3
data/790.png,Bf4#
test_data/images/1670.jpe,g6
data/721.png,Qxh4
test_data/images/1377.jpe,e4
data2/50081.png,Kxg3
data2/50147.png,d5#
data2/50568.png,Rb3+
test_data/images/1344.png,Qd2
test_data/images/1216.jpe,Qc2
data2/50871.png,Qxd6
data/1337.png,Bxd4
data2/50396.png,g8#
data/1257.png,Qd6#
data2/50761.png,Bh5+
data/30.png,Rg1
data/261.png,a5+
data2/50222.png,Rg8+
data2/50124.png,Nxf7
data/554.png,Kf6+
data2/50967.png,Ba2
data/763.png,c8
data/550.png,Bxc8
test_data/images/2274.jpe,O-O
test_data/images/1930.jpe,b6
data/1267.png,Bd3#
data2/51067.png,a7#
data2/50932.png,O-O
data2/50122.png,d3
data/212.png,Na8
data/727.png,Rxc6
data2/50724.png,Bh1#
data2/50832.png,xf6
data2/50435.png,Kh3+
data/1192.png,Bxa4
data/1066.png,Nxd5
data2/50987.png,Rf6#
data/822.png,Qxb3
data2/50980.png,a4#
test_data/images/1296.png,Rhg1
data2/50768.png,Rg4#
data2/50998.png,Kg5#
data2/51145.png,xa4
test_data/images/1191.jpe,g6
data2/50039.png,Bc2#
test_data/images/2258.jpe,b3
data2/50170.png,Kg3+
data/1200.png,Qb8#
data2/51117.png,Rxe8
data2/50145.png,Nc3
data2/50669.png,Rf3
test_data/images/1376.png,Bf5
data2/51108.png,Kxd2
data/1317.png,Rh3
data2/50120.png,Kc7+
data2/50453.png,xe2
data/418.png,Rg3#
test_data/images/2224.jpe,gxf6
data/756.png,b7
test_data/images/1950.jpe,Bxc3
test_data/images/165.png,h5
data/113.png,Nb3+
data2/51103.png,Rxa8
test_data/images/2229.jpe,Re1
data2/51367.png,Kg3#
data2/50075.png,Kd4#
data2/51073.png,Re6#
test_data/images/1823.jpe,Bg7
data/1193.png,Bxd2
data/613.png,Rg4+
data2/50497.png,Qxc7
test_data/images/222.png,Bd3
data2/50173.png,Nf1#
test_data/images/1419.jpe,dxc4
data/78.png,Ra7+
test_data/images/1381.jpe,Nc3
data2/51134.png,Qb8
data/1466.png,Be7#
test_data/images/1536.jpe,b7
test_data/images/1285.png,Nbd7
test_data/images/2240.jpe,Kd7
data/571.png,Ng4+
data2/51019.png,xa2
data/666.png,Rg3
data2/50211.png,Rd2+
test_data/images/1737.jpe,Nc6
data/1365.png,d5
data/980.png,Nb7#
data2/50277.png,Qxf3
data2/50613.png,Bxc5
test_data/images/2093.jpe,Rf8
data2/50273.png,Rg5
data/321.png,Bxg3
test_data/images/2294.jpe,g4
data2/50162.png,Be4
data/963.png,Bf2#
test_data/images/1347.png,Bf8
data/1288.png,h5#
test_data/images/1703.jpe,Nb1
data/423.png,Kxd5
data/1271.png,Kg5+
data2/50845.png,Bxa5
data/939.png,Ka8#
test_data/images/1223.jpe,Qa3
data2/50610.png,Be8+
data/221.png,Nb1+
test_data/images/2053.jpe,Nd5
data/747.png,Rxf8
data2/51004.png,a2
data/954.png,b6
data2/51172.png,Rxa8
test_data/images/2244.jpe,Ke8
test_data/images/1336.png,h4
test_data/images/1305.png,Rb8
data2/50373.png,Rh3
test_data/images/1340.png,Ng5
data/638.png,a4#
data2/51057.png,Bc5#
data2/50448.png,Nh1#
data/1272.png,Kf3#
data2/51361.png,xc6
data2/50375.png,Bf6+
data/1250.png,Nc7#
data/1265.png,xf1
test_data/images/1400.jpe,axb5
data2/50022.png,Bb6
data2/50498.png,xf6
data/1123.png,a1+
data2/51015.png,Kb2
data2/50598.png,Ng3+
data/476.png,Bf8
data/838.png,Ba1+
data/583.png,Rg6#
test_data/images/453.jpe,d6
test_data/images/1406.jpe,b8=Q
data/528.png,Be7+
data/115.png,b8#
data/1472.png,g7
data2/50304.png,Nh4#
test_data/images/1946.jpe,d6
data/1387.png,g5#
data2/50121.png,Ba2+
data2/50042.png,Ba5
data2/51018.png,xh5
data2/51325.png,Kg4
data2/50414.png,Kb6
test_data/images/1289.png,Bb7
test_data/images/1237.jpe,Qxb8
data/705.png,f8#
test_data/images/241.png,Qa4
data2/51394.png,Nc4+
data/655.png,Nf6+
data2/50001.png,Rg4
data/1286.png,a7#
test_data/images/300.jpe,Ra7
data2/50287.png,Qa1
test_data/images/1804.jpe,Ne7
data2/50682.png,Ke1+
test_data/images/1322.png,d3
data2/51135.png,Bxe2
data/863.png,Na5
test_data/images/162.png,a5
data/1224.png,Bg8
test_data/images/1513.jpe,d3
data2/50705.png,b4+
test_data/images/1773.jpe,Qxd8
data/27.png,Ka5#
test_data/images/1865.jpe,Bd8
test_data/images/1219.jpe,Qb4
test_data/images/1593.jpe,Qc8
test_data/images/2101.jpe,Rxg8
data2/50652.png,Ba7#
test_data/images/449.jpe,Bb7
test_data/images/163.png,Ng4
data/394.png,Kf4
data2/50339.png,Bd8#
test_data/images/1220.jpe,Qd2
data/1420.png,Qc8#
data/271.png,Ne4
data2/50939.png,Qe6
data2/50492.png,Na6
data/741.png,Kd1+
test_data/images/2225.jpe,cxd6
test_data/images/1689.jpe,Rc1
data2/50798.png,Ke3+
data/220.png,Kf6+
data2/50633.png,Be2+
data2/51344.png,Bc7#
data2/51293.png,Rg5
data2/51210.png,Nh1
data2/50891.png,Ba6+
data2/50479.png,Bg4+
data/750.png,Kf4
data2/51255.png,Kh1
data2/50927.png,Qc2
data/1280.png,Be3#
test_data/images/2006.jpe,Qf6+
data/759.png,Kd4+
data/494.png,Qxe7
data/1239.png,Be1#
data2/50634.png,Rd5#
data/91.png,Qb8+
data2/51444.png,Nd1+
data2/51456.png,Qf5#
data/1276.png,Kxa7
test_data/images/1759.jpe,e4
data2/50359.png,Be3#
data2/50021.png,Qe8+
data2/51096.png,Qxf4
data2/51436.png,Nd2+
data/1309.png,Nd4
test_data/images/1803.jpe,bxc3
data/264.png,g2+
test_data/images/1184.jpe,d4
data2/51176.png,d3
data/632.png,Kf1
test_data/images/203.png,a6
data2/50806.png,Kb7#
data/120.png,h7
data/1232.png,h6#
data/665.png,Bb7+
data2/51316.png,Bb7#
data2/51243.png,Kh7
test_data/images/2046.jpe,Rhe8
data/1039.png,Bg6#
data2/51292.png,f6#
data/177.png,Kxg1
test_data/images/135.png,Bg2
data/1068.png,Rb1#
data2/50546.png,Bg4
data/985.png,Nxa4
test_data/images/1855.jpe,Nxd2
data/1240.png,c8#
test_data/images/1432.jpe,Bd2
data2/50852.png,b1#
data2/50043.png,Rd1#
test_data/images/1862.jpe,Rc6
test_data/images/1980.jpe,Rxd3
test_data/images/1815.jpe,d6
test_data/images/1534.jpe,b6
data2/50098.png,f7#
data2/50962.png,Ka7#
data2/50671.png,Nf7#
data/230.png,Qg6#
data/1081.png,Qb7
data2/51221.png,Bh6#
data2/50514.png,Qxb1
data/836.png,Ne5+
data2/51315.png,Ne2
test_data/images/1391.jpe,Bb2
data2/50167.png,Bb1
test_data/images/1523.jpe,Bd2
data2/50070.png,Kxb3
data/1136.png,Qf2#
data/1333.png,Be3#
data2/50455.png,Bxg8
test_data/images/1967.jpe,bxc5
data/892.png,Kxg6
data/1449.png,Be4
data2/50110.png,b1+
test_data/images/1502.jpe,d6
data2/51280.png,Qb7#
data/1373.png,Bxf3
data/449.png,Qg2+
test_data/images/1441.png,Nf3
test_data/images/1848.jpe,Rd3
data/769.png,d2
data/467.png,Na7
data/563.png,Be2#
data2/50714.png,Qb2#
data/1005.png,Kxh8
test_data/images/1863.jpe,Rec8
data/505.png,Qxe7
data2/50470.png,Na2+
test_data/images/1221.jpe,Qa4
test_data/images/2084.jpe,Be8
data2/50935.png,Qb3+
data/1242.png,Rd4#
test_data/images/1485.png,Na2
data2/51461.png,Kxg2
data2/51465.png,h2
test_data/images/1858.jpe,Rd6
data/425.png,Kh4
data2/51054.png,Rh3
test_data/images/1835.jpe,Bb7
data2/50346.png,Bh4
data/1022.png,a3+
data/1427.png,d6
data2/51319.png,Kxd3
data/233.png,b3#
data/1079.png,Qxe7
data/588.png,Bxh3
data2/50545.png,Bd2+
data/213.png,Rxg6
data2/51300.png,Rf6+
data/536.png,b3+
test_data/images/1483.png,Nc3
data2/50554.png,Nd8
data/225.png,Be6+
data2/50801.png,Nxc1
data/1371.png,Qd7+
data/1247.png,Rf1+
data/1223.png,Qxa4
data2/50983.png,Rd7#
data/648.png,Rb5+
test_data/images/2000.jpe,Rxh4
test_data/images/2049.jpe,Bf6
data/514.png,Rh8#
data2/51230.png,Bh6+
data2/50000.png,Rd7
data/912.png,Bf4
data/244.png,Ra4
data/185.png,Rg8+
data2/51105.png,Qc6
data/697.png,b2
data/1121.png,Nh3+
data/145.png,Kxd4
data2/50844.png,Ba6
test_data/images/1758.jpe,Nxe5
data2/50803.png,Qxg1
data/465.png,Na3#
data/151.png,Kd5
data2/50976.png,Rb6#
data2/50911.png,Ke4#
data2/50840.png,Kxc3
data2/50636.png,Bf5+
data/119.png,Rh5
data2/50861.png,Nc2
test_data/images/1719.jpe,Nb7
data2/51331.png,Kg6#
data2/50657.png,Ne3#
test_data/images/1455.png,a3
data2/51317.png,e2
data/853.png,Rxc1
data2/50616.png,Ne6+
data/557.png,Qxe2
data/1109.png,Nf4
data/1438.png,xg5
data/662.png,f7#
test_data/images/2267.jpe,bxc4
test_data/images/1772.jpe,O-O
data2/51353.png,Nf3
data2/51231.png,Rf2
data2/50903.png,O-O
data/249.png,Kh6#
test_data/images/1309.png,Qb4
data/1177.png,Bc5
data2/50628.png,Ba1
data/1454.png,Bg6
data2/50041.png,Rh2+
test_data/images/1766.jpe,Ng6
data/64.png,Na2
data/989.png,Ra3#
data/42.png,Kxa7
data/1359.png,Qf3#
data/823.png,Qa5+
data/873.png,g1
data/1012.png,Nh3#
data/911.png,Bxb2
test_data/images/1745.jpe,axb5
test_data/images/1748.jpe,a6
data/612.png,Qh7
test_data/images/2020.jpe,Ng4
data/294.png,Bxb6
data/850.png,d2+
data2/51476.png,Be1
test_data/images/294.jpe,b5
data2/51414.png,f7#
data/575.png,Ba4
data/289.png,Bc4#
test_data/images/2082.jpe,Bg6
data2/50627.png,d6#
test_data/images/2256.jpe,d5
data/1107.png,Kxf8
data/607.png,Ka7#
data2/50915.png,a5
data/1248.png,Kxf6
data/378.png,Bb2#
data2/50663.png,Kb6#
data2/50799.png,Rg5+
data/62.png,Kc1+
test_data/images/1327.png,Nc6
data2/50851.png,b2
data/118.png,Re8+
data2/51341.png,Qxh8
data/496.png,f5+
data/297.png,e5
data/1410.png,Be7#
data/240.png,Rxf4
data/724.png,d1#
data/530.png,f7#
test_data/images/2087.jpe,g6
data2/50856.png,Bh2#
data/1203.png,Na1#
test_data/images/2062.jpe,Bd7
data2/50592.png,Rxd1
data/9.png,h4#
data2/50706.png,Bb8
data2/50780.png,Na5
data/531.png,Qxe5
data2/51027.png,Re4+
data/258.png,xe3
data2/50958.png,Ke1#
test_data/images/2072.jpe,Bc6
test_data/images/1484.png,Qb4
data/1285.png,Rd8#
data2/51129.png,Qc4#
data/182.png,Rc1
data/12.png,Qb5
data2/50712.png,Ka4#
test_data/images/1727.jpe,Rxb5
data/640.png,Bxe1
data/1142.png,Qc5#
data/1330.png,Rxe5
data2/51099.png,Ra2+
data/85.png,Kb5#
data/1198.png,Ke3#
data/878.png,Nd6#
data/1189.png,Kxe1
test_data/images/1529.jpe,Qxf8#
data2/51453.png,g5#
test_data/images/1805.jpe,Nf3
data2/51477.png,Qxg7
data2/50338.png,Bb3
data/400.png,Rd7+
data2/50425.png,Nxe2
data2/50369.png,f2#
data/273.png,Rb6#
data/1243.png,Kc5#
data/457.png,Ba3+
data2/51488.png,O-O-O
test_data/images/2036.jpe,Bc5+
test_data/images/2228.jpe,Bxe4
data2/50146.png,xd4
test_data/images/1520.jpe,Kh8
data2/51388.png,xd8
data2/51001.png,c6#
data2/50056.png,Na5
data/1281.png,a5
data2/50555.png,Kxd8
data2/50739.png,Nh8#
test_data/images/1437.jpe,Bf8
data/1061.png,Nb8+
data2/51050.png,Kxd5
data2/50701.png,Rxc7
test_data/images/143.png,e4
data/1186.png,Bh8
data2/51384.png,d6+
data2/50293.png,Rxa5
data/1485.png,Bxa7
data2/50647.png,Nd1+
data2/50337.png,Bd5#
data/33.png,Kg7+
data2/50074.png,c5+
data/1487.png,Na7#
test_data/images/1390.jpe,Qa5
test_data/images/157.png,Ng5
data2/51180.png,d7#
data/292.png,Bd8+
data/1314.png,Rg8#
data/645.png,Qf8
data/1016.png,Nh1
data/477.png,g5#
data/1187.png,Rc8+
data2/51076.png,Be7
data2/51332.png,b8#
data/1197.png,Re1#
test_data/images/1753.jpe,f4
data2/51333.png,Qa4
data2/51427.png,Re4+
data/755.png,Ke1+
data/491.png,Bg7
data/757.png,Rh3
data2/51072.png,Kh1+
data2/51003.png,Qxe7
test_data/images/1331.png,Nd7
data/210.png,d6
test_data/images/1345.png,a5
data/796.png,d1+
test_data/images/2017.jpe,d4
data/71.png,e1
data/800.png,Kf6+
data2/51214.png,O-O
data2/50057.png,Bg8#
data2/50624.png,Bc1+
data2/50906.png,Kxd6
test_data/images/2003.jpe,h5
data/1338.png,Rc8#
data2/50096.png,Qf5
test_data/images/1315.png,Nf6
data/174.png,Nxe5
data/725.png,Kxf1
data/825.png,Nxb3
data2/50315.png,Rd4
data2/50427.png,Kh8#
data/132.png,Bf1+
data/972.png,Qxc5
data/1348.png,Nb1+
data/1063.png,Kg5
data2/51047.png,Qd4+
data2/51430.png,Qf8#
data/398.png,Rc2
data/1046.png,b4#
data2/50238.png,Bd8
data/987.png,Qf7+
test_data/images/1338.png,N1h2
test_data/images/1994.jpe,a4
data2/50229.png,Nb4#
data2/50735.png,Nxf3
test_data/images/1319.png,e6
test_data/images/1272.png,Nc3
data/148.png,Bb6+
data2/50755.png,h2
test_data/images/1843.jpe,Nf6
data2/50210.png,Nf3
data/1097.png,Kxd2
data2/50869.png,Nc8#
data/56.png,Qg8+
data/960.png,Ng4#
data2/51068.png,Rh8#
test_data/images/140.png,O-O
data2/50264.png,Rxb5
data/1369.png,Ng5+
test_data/images/1352.png,bxa3
data2/51211.png,Rxb1
data2/51142.png,Kxh1
test_data/images/1949.jpe,a3
test_data/images/154.png,Rfc8
test_data/images/2078.jpe,Be8
data2/50506.png,xa4
data2/50837.png,Qg6+
data/699.png,Nd8+
test_data/images/1354.png,c4
data2/51081.png,f2+
data/809.png,Nc6#
data/101.png,Na1
data/1430.png,Bb8+
data2/50159.png,xd4
data/948.png,Rg3+
data/783.png,Rxd2
data/671.png,Kf6#
test_data/images/1375.png,Be7
data2/51478.png,e4
data/591.png,Rh1
test_data/images/448.jpe,b8=Q
data/290.png,Qh7+
data/304.png,Kh1+
test_data/images/1316.png,g3
test_data/images/1757.jpe,Qc8
data2/50328.png,Rxc5
data/218.png,Qxf3
data2/50694.png,Ke5
data2/51031.png,Nf5#
test_data/images/1797.jpe,Nc3
data2/51184.png,Rg5+
data/610.png,a1+
data/335.png,Bh4#
test_data/images/1712.jpe,Rd7
data2/50839.png,Ra8+
data/352.png,Kd4+
test_data/images/1940.jpe,Qxf6
test_data/images/1696.jpe,Rb7
data/561.png,Nc4
data/789.png,Bd4#
test_data/images/1404.jpe,b7
data2/50646.png,Kxd1
test_data/images/1385.jpe,a3
data/986.png,Kc1#
data/90.png,Rxc5
data/1279.png,Ka5+
test_data/images/2051.jpe,Bxe7
data2/50104.png,Rxh6
data/88.png,Nxf3
data/1435.png,Rc6#
data2/50754.png,Bh6#
data/474.png,Rb8
data2/51130.png,Rb5+
test_data/images/2237.jpe,Rad1
data2/51159.png,Qd3+
data2/50372.png,Ba3
data2/50088.png,Kxe6
test_data/images/1990.jpe,Rxh2
test_data/images/164.png,Bf8
data2/50011.png,Rxb6
data2/51187.png,Bh6
data/280.png,a5+
data/134.png,Qh1
data/1137.png,Nb3
test_data/images/1598.jpe,h6
data/657.png,Ra5+
data2/51272.png,Kxa5
test_data/images/1235.jpe,Qd8
test_data/images/223.png,h5
data2/51208.png,Na3#
data2/50205.png,f8#
data2/51153.png,Kd6#
test_data/images/2197.jpe,e4
data2/50823.png,Qf2#
test_data/images/211.png,Be7
data/890.png,Rd2+
test_data/images/1262.jpe,Qb5
test_data/images/206.png,f4
data2/51275.png,Re6+
test_data/images/1814.jpe,e4
data2/50864.png,Rd5+
test_data/images/1368.png,cxd5
data/303.png,Kd1+
data2/50742.png,Qxf3
test_data/images/1198.jpe,Bd3
data/881.png,b7
test_data/images/2025.jpe,O-O
test_data/images/1674.jpe,O-O
test_data/images/1808.jpe,Nbc6
data/649.png,Rxd6
data2/50257.png,Rf3+
data/351.png,c1+
test_data/images/2047.jpe,Rf1
test_data/images/1261.jpe,cxd4
data/57.png,c1
test_data/images/2095.jpe,Rf6
data/518.png,Rb8#
data/1151.png,e1#
data/1301.png,Bh4
data2/50015.png,Rxg7
data/916.png,Ra8#
test_data/images/201.png,Nf6
data/668.png,Ra1
test_data/images/2213.jpe,d4
data/499.png,Rd2+
test_data/images/458.jpe,Qh5
data/342.png,Ra3#
data2/50291.png,Be1#
test_data/images/153.png,h4
data/15.png,Rxh6
test_data/images/1718.jpe,Qd8
data2/50377.png,Bxf6
data/654.png,a3+
data2/51308.png,b5#
test_data/images/1706.jpe,Rfb8
data/358.png,Ra3+
data2/50306.png,Qg2
data2/50674.png,g3#
data/1214.png,Qxh1
test_data/images/2014.jpe,Bc5
data2/51409.png,Qh3+
data2/50367.png,Kg6
data2/51381.png,Rxe6
data2/50519.png,Ne6#
data2/50478.png,Ne7#
data2/50664.png,Qb6
test_data/images/1941.jpe,Bd3
data/943.png,Kb1
data2/51058.png,Nc8+
data2/50552.png,Qa4#
data2/50463.png,e3+
test_data/images/1715.jpe,Rxb8
test_data/images/1303.png,hxg4
data2/50535.png,Rd2+
test_data/images/1959.jpe,Rxd2
test_data/images/1931.jpe,c4
data/529.png,Rg3+
data2/51396.png,Qe5#
data2/51498.png,d1#
data2/51260.png,Ng7
data/463.png,Ke3
data2/50931.png,Rc1+
data2/50738.png,xd4
test_data/images/1947.jpe,Nge2
test_data/images/1824.jpe,Nf3
data2/50416.png,Bd3
data/372.png,Bb4+
data/601.png,Bc1#
data2/50228.png,Bxe4
data/430.png,Nxd7
test_data/images/1842.jpe,Qxd5
data2/51077.png,Re6
data2/51152.png,Rxh2
data/623.png,Bg5
data/735.png,xb6
test_data/images/1859.jpe,Be5
data2/50656.png,Nxa4
data/208.png,a5#
test_data/images/2260.jpe,Bb2
test_data/images/172.png,Na5
data2/51350.png,Kh3
data/1488.png,Qxd2
data2/50014.png,a2+
data2/50786.png,Rd7+
data/1316.png,Kxc6
data/869.png,Rxf1
data2/50005.png,Nb5+
data/572.png,Nc6+
data2/50690.png,Ka4+
data2/51089.png,Rd6+
data2/50758.png,Nh8+
data2/51227.png,Ne4#
data/238.png,Nxc6
data2/50715.png,Kd5
test_data/images/1738.jpe,Bd4+
data/435.png,xc3
data2/50296.png,Na8#
data2/50721.png,Nh5+
data/870.png,Nh1#
data/349.png,Nb8+
data2/50990.png,Rf6+
data/35.png,Qxg4
data2/51342.png,O-O-O
test_data/images/2286.jpe,Nb1
test_data/images/1268.png,d4
data/486.png,d5#
data2/51496.png,Nc6+
data/625.png,c1#
test_data/images/296.jpe,Nc6
test_data/images/1747.jpe,b6
test_data/images/2004.jpe,a1=Q
data2/51215.png,Qb8
data/77.png,Rd5
test_data/images/1532.jpe,axb5
test_data/images/1383.jpe,e5
test_data/images/2071.jpe,Rad1
data2/50195.png,d8
data/833.png,Bb2#
data2/50570.png,Qxa4
data2/50553.png,xd4
data2/50989.png,Qf7#
data2/50905.png,f7+
data/1324.png,g4
test_data/images/2257.jpe,b5
data/411.png,Rd7+
data2/51010.png,Na5
data/173.png,Kxd5
data/19.png,Bc7
data2/51273.png,Bxe7
data2/50429.png,Qb7+
data2/50691.png,Nd1
data/965.png,xa2
data/1195.png,Kg2
data2/51074.png,Qe7+
test_data/images/1770.jpe,Nf6
data2/50975.png,Kc2
data2/50326.png,Be7#
test_data/images/1938.jpe,h6
test_data/images/1314.png,Nf3
test_data/images/2102.jpe,Kd6
data/772.png,Rf7+
data/186.png,Nxd2
data2/51395.png,f2
data2/50252.png,d4#
data/38.png,Ra1#
data/633.png,b8+
data/974.png,Qg1#
test_data/images/469.jpe,O-O
data/392.png,Qxb8
data2/51165.png,c7
data/876.png,Rg1
test_data/images/1691.jpe,Nxc3
test_data/images/1533.jpe,Nc6
data2/51013.png,Nxf8
data/1355.png,Qf4#
data2/51143.png,Rf7
data2/51345.png,Rxb2
data2/50726.png,c5#
data2/50881.png,Rf7
data2/51177.png,Ke5
test_data/images/227.png,Qb6
test_data/images/184.png,Nxd5
data/354.png,Na6#
data2/50968.png,Rh2
data/1237.png,e5+
data2/51335.png,Nxg1
data2/50262.png,Nc5
data2/50894.png,Ka7+
test_data/images/1328.png,Re1
data2/51124.png,Ng4
test_data/images/182.png,cxd4
test_data/images/1698.jpe,Qb4
data2/50971.png,xf2
data2/50471.png,Qxb5
data2/50395.png,Qxd7
test_data/images/1982.jpe,Rxd3
data2/50804.png,Qh8+
data2/51259.png,Bh3+
data/1426.png,Nxa8
test_data/images/1245.jpe,Be8
test_data/images/1317.png,d5
data2/50897.png,Kb1+
data2/50355.png,Rb3
data/935.png,Qd8+
data/635.png,Qa3#
data/1095.png,Nxd8
test_data/images/1743.jpe,a4
data/746.png,Rd5#
data/1077.png,Nxf3
test_data/images/187.png,Rxb1
data2/50477.png,Nd5
data2/50495.png,Ba4
test_data/images/1605.jpe,Nf3
test_data/images/214.png,Qf3
data2/50047.png,Nxh6
test_data/images/1504.jpe,Nxe5
data2/50828.png,Nc4#
data/256.png,Rxd8
data2/50321.png,Nxg3
test_data/images/1209.jpe,Na4
data/283.png,Bxd4
test_data/images/1531.jpe,b5
data2/51289.png,Rxg7
test_data/images/1970.jpe,cxb6
test_data/images/1829.jpe,e5
data2/51454.png,Nb2+
data2/50136.png,Nh5+
data2/51178.png,Nxg1
test_data/images/446.jpe,b7
data/21.png,Qh2+
data/302.png,Kxh3
data2/51336.png,Ba6+
data2/50266.png,Nc1#
data/1204.png,Bd8
data2/50632.png,Rc1#
data2/50500.png,Bh2#
data/710.png,Bxg6
data2/50157.png,d8
data2/50481.png,Qf7#
data2/50745.png,Rf6
data2/50379.png,e6#
data2/50949.png,Rb8+
data/551.png,Kh4#
data/1166.png,Bf7
test_data/images/1841.jpe,Bxd5
data/1390.png,Nxb4
data/895.png,Ne6
data/1017.png,Qe5+
data/1128.png,Nxe3
data2/51448.png,Kf4
data2/50860.png,Ka7#
test_data/images/1953.jpe,O-O-O
data2/51016.png,c6
data/1070.png,Bg8
test_data/images/1607.jpe,O-O
test_data/images/151.png,Bf4
data2/50248.png,Rxe8
data/1411.png,Qxa1
data2/50696.png,Ng5#
data2/50082.png,h3+
data2/51440.png,Nf4+
data2/50847.png,Kf3
data/946.png,Bb5
data/313.png,Nb1#
data2/50885.png,Bg2+
test_data/images/2264.jpe,e4
test_data/images/2226.jpe,cxd6
data/331.png,Nc2
data2/51408.png,Nxa7
data2/51024.png,Bf2+
data/330.png,Nxh6
test_data/images/1197.jpe,d6
data/1432.png,xe4
test_data/images/197.png,d6
data/1439.png,Nxb4
data/691.png,Bc2#
data2/50428.png,c7+
data/1190.png,Re1+
data2/51071.png,Kb5+
data/628.png,f8+
data2/50846.png,Kf6#
data/322.png,Na1#
data2/51171.png,Qxa5
data2/51397.png,Qh1#
data/18.png,f3
data/1009.png,Nc8+
data2/50978.png,b8#
data2/50704.png,Nd3
test_data/images/1349.png,a4
test_data/images/1765.jpe,Nc3
test_data/images/1238.jpe,Rb1
data/89.png,Rg4#
test_data/images/1363.png,Nd4
data2/51093.png,Qxf5
data/683.png,Rxf1
data2/50203.png,Ke2
data/631.png,xc6
data2/51362.png,Qa8
data2/51252.png,Rb6+
data/348.png,Qxd6
data2/51028.png,O-O
data2/50180.png,Kxh1
test_data/images/1685.jpe,O-O
test_data/images/1723.jpe,Nc3
data/584.png,Kg2
test_data/images/1749.jpe,b7
data/888.png,Ke2+
data2/51022.png,Bf3+
data2/51271.png,Ne1#
data/718.png,f2#
test_data/images/1206.jpe,O-O
data2/51192.png,Bb8#
data/248.png,c1#
data/359.png,Rh4#
data/1182.png,Nc4#
data/112.png,xf4
data/1206.png,Kd2#
data/39.png,Nxh5
data/676.png,Na3
test_data/images/1413.jpe,Nxe5
data/852.png,Be7+
data/521.png,Bxh8
test_data/images/147.png,e5
test_data/images/1672.jpe,Bg7
test_data/images/1443.png,d4
data/549.png,Rxg3
test_data/images/2220.jpe,Bxd1
data2/50950.png,Qb1+
test_data/images/1370.png,Rxb1
data/1407.png,Rf8#
data/1268.png,Bxb6
data/644.png,Nh5#
data/1273.png,Bb1#
data2/50438.png,Rxh6
test_data/images/148.png,Nd7
data/266.png,Ng2#
data/403.png,a6
data/293.png,Bxd1
test_data/images/1311.png,Qa4
data/1312.png,Qa7#
data/995.png,Nf3
data/1049.png,Qa2#
data2/51299.png,Qg5+
data/695.png,Bxa2
data/232.png,Qxe5
data2/51285.png,Bh1+
data/295.png,Rd2+
data2/50890.png,Nc8+
data2/50942.png,Qf7
test_data/images/1249.jpe,Rb8
data/123.png,Nxf8
test_data/images/1353.png,Rab8
data/1244.png,Nd6+
data2/50189.png,Rh3
data2/51473.png,O-O
data2/51144.png,Rxd2
data2/51443.png,Ka3#
test_data/images/471.jpe,Kh8
test_data/images/161.png,Qd2
data/1062.png,Kg8+
test_data/images/1763.jpe,Bc4
data/472.png,Rxg5
test_data/images/1697.jpe,Nb1
data/947.png,Qa3+
data2/50713.png,Kf5#
data2/51497.png,Qa5#
data/1001.png,Kd6+
data2/51279.png,Bxh1
data/1300.png,Rxf8
data2/51480.png,O-O
data2/50028.png,Kxa5
data/1020.png,Rh7+
data2/50253.png,Nd3#
test_data/images/2055.jpe,Bb3
data2/51269.png,Bd7
data/1443.png,c2+
test_data/images/2211.jpe,O-O
data/1329.png,Qd5+
test_data/images/1433.jpe,Nd5
data/1201.png,Qc8+
data/774.png,Qg4
test_data/images/1983.jpe,Nb4
data2/51462.png,Ne4+
test_data/images/2202.jpe,Bc5
data/243.png,Rd6
test_data/images/2230.jpe,d5
test_data/images/1427.jpe,O-O
test_data/images/220.png,h4
data2/51223.png,Qb8+
data/1029.png,Nh1#
data2/50681.png,Rd1+
data2/50644.png,Qg5#
data2/50151.png,c7+
data/520.png,Rxb2
test_data/images/1752.jpe,Bb7
test_data/images/170.png,Rab8
test_data/images/1185.jpe,Nf6
test_data/images/1275.png,e6
data/69.png,Qe1+
data/117.png,e7#
data/490.png,Ka2
data2/50390.png,Rc5+
data/98.png,Nxg8
data/493.png,Qa3+
test_data/images/202.png,Nc3
test_data/images/1998.jpe,a3
data/999.png,xb7
test_data/images/2029.jpe,Rxd1
test_data/images/1793.jpe,e4
data2/51200.png,Kb2+
data/165.png,Kd4+
data/1481.png,Nxe1
data/388.png,Nxc4
data/951.png,Qxg7
data2/50772.png,Rxe3
data/1461.png,xh8
data2/50700.png,Qb3#
data2/51181.png,Bxe2
data/1115.png,Qb8+
data/369.png,Rd3
data2/50169.png,Qg3
data2/51075.png,xd1
test_data/images/1771.jpe,O-O
test_data/images/1475.png,axb4
data2/50578.png,Bxa2
test_data/images/1318.png,Bg2
data2/51426.png,Rd1
test_data/images/2292.jpe,Nb1
test_data/images/1984.jpe,Rxa3
data/1468.png,Qf7+
data2/50290.png,xh2
data2/50067.png,g6
data/639.png,Na1+
data2/51493.png,b7+
data/87.png,Bxb8
test_data/images/1800.jpe,c5
data2/50026.png,Bc6
test_data/images/1282.png,Bf2
test_data/images/1989.jpe,Kd3
test_data/images/1215.jpe,Qa3
data2/51245.png,Ra3+
test_data/images/213.png,Qc7
data/1163.png,Ka4
test_data/images/1266.png,Nf3
test_data/images/1205.jpe,Nb6
data/766.png,Rxe2
data/50.png,Qxb2
data/1347.png,Qxd8
test_data/images/1540.jpe,f4
test_data/images/2282.jpe,Nb3
test_data/images/1474.png,b4
data2/50888.png,Bh3
data2/50361.png,a2+
data/851.png,Kd6+
data/1058.png,Ra8
data2/50129.png,xg6
data/1290.png,Kxb1
data2/50348.png,Bc8+
data2/50505.png,Qa6
test_data/images/1679.jpe,bxc4
data/688.png,Rxf6
test_data/images/1269.png,cxd4
data/420.png,Kb8+
data2/51365.png,xa3
data2/51186.png,Rd7+
data/1008.png,Rc5#
data2/50049.png,Nd8
test_data/images/1201.jpe,Nbd7
data2/50394.png,Qxh4
data/1176.png,Nf8+
data/862.png,Bxe3
data/1015.png,Kxh1
data2/50875.png,Rf2#
data2/51193.png,b3#
data2/50611.png,Ng8+
data/842.png,c7
data2/51032.png,d3+
test_data/images/2061.jpe,Be6+
data2/50480.png,Kb4#
data2/50310.png,Nc7+
data/1321.png,Qxf8
data/114.png,Qf6#
data/1087.png,f6
data2/51213.png,Bh4#
data2/50009.png,Qc8#
test_data/images/1440.png,c5
data/994.png,Qe7#
data2/50928.png,f1
data/285.png,Nf5#
test_data/images/1678.jpe,bxc4
test_data/images/179.png,Ne3
data2/51347.png,Na8
data/1146.png,Kh2
data/150.png,Qf6#
data2/50415.png,c3+
data/1171.png,Kb5
data2/50776.png,h2#
data2/50740.png,Qb5+
data/155.png,Rb7#
data/298.png,Ba5+
data2/50904.png,Rd6#
data2/50985.png,b8#
data/1255.png,Ne6+
test_data/images/1302.png,Rxg4
test_data/images/174.png,Nb3
data/68.png,Qc1#
data2/50749.png,Ne1#
data2/51432.png,h5#
data2/51393.png,Qh4+
data2/50499.png,Rd6
data/1143.png,Rh7+
data/325.png,Rd7#
data/1326.png,Re3+
data/602.png,Bh4#
data2/51339.png,Nc5
data2/50955.png,Kh3+
test_data/images/2279.jpe,Nxc3
test_data/images/1708.jpe,Qb6
data/799.png,Qc3#
data/1215.png,Kb6
data/1263.png,Bc3
data2/51349.png,Ka5
data2/50493.png,Kxb1
data/681.png,a6#
data2/50867.png,xe1
data/556.png,xb1
data/538.png,Bd7#
data/453.png,c4#
data2/50527.png,g2
data/955.png,Bxe4
data2/50320.png,Bh6#
test_data/images/1312.png,Nc3
test_data/images/192.png,Be7
data2/51006.png,e3#
data/839.png,Rc1#
data2/51469.png,Rg4
test_data/images/2275.jpe,Bd7
data2/50756.png,Kxa1
data2/51474.png,xg8
data2/50467.png,Bxg4
test_data/images/1740.jpe,cxd4
data2/50054.png,Kd8+
test_data/images/1297.png,Qb6
test_data/images/228.png,Kb1
test_data/images/1975.jpe,f4
data/553.png,Qg2
data/305.png,xh2
data2/51083.png,Kf1+
data/793.png,Bc5#
data/1474.png,Ra1
data2/50759.png,Bb4#
test_data/images/1518.jpe,O-O
test_data/images/1517.jpe,O-O
test_data/images/1326.png,e4
test_data/images/2253.jpe,Nf6
data/109.png,Rc6
test_data/images/1987.jpe,Nxe7
data/1220.png,Qh4#
data2/50431.png,Bxg3
data2/50862.png,Ka5+
data/1464.png,g7#
test_data/images/1857.jpe,e4
data/337.png,Nd5#
data2/50922.png,Kc1#
data/228.png,Bxh3
data/1302.png,Rb1
data/782.png,Nf1+
data/779.png,Bb3+
data/1041.png,Kh1+
test_data/images/1929.jpe,d4
data/46.png,h4
data2/50033.png,Nxg4
test_data/images/1734.jpe,Nd7
test_data/images/1378.jpe,e6
data/1000.png,Kb1#
data2/51247.png,Na6
data/704.png,Qc2+
data/1221.png,Bxh7
data/1199.png,Kxh4
test_data/images/1324.png,Nbd2
test_data/images/208.png,Bh4
data2/50609.png,Kb6+
data2/50811.png,Qc2+
data2/50587.png,Qe7+
data/692.png,Qf6+
data2/50059.png,Nh4
data/661.png,Rg5#
data2/50308.png,d4
data2/50243.png,Rg1+
test_data/images/1401.jpe,Nc6
data/481.png,xe2
test_data/images/1795.jpe,d4
test_data/images/1699.jpe,Qd2
data2/50741.png,Rxf6
data/347.png,Nh4
data2/50947.png,d6
data/176.png,d4+
data2/50863.png,Qf6+
data2/50622.png,Kf2+
data2/51438.png,Rb3+
test_data/images/1491.jpe,axb5
test_data/images/1211.jpe,Nxc3
data/1238.png,c4#
data2/50729.png,Bf3#
data2/50052.png,Rg3#
data2/50256.png,Rxf3
data/1254.png,Bh7+
data/627.png,Ra5
test_data/images/1794.jpe,e6
data2/51369.png,Bb1+
test_data/images/193.png,Bf5
data/1358.png,Ba6+
test_data/images/215.png,Nbd7
data2/50148.png,g3
data/1086.png,Nxb1
data2/51405.png,Nd8+
data/831.png,Kxg4
data/229.png,Qf3
test_data/images/1597.jpe,Qh5
data2/50929.png,Nxg6
test_data/images/1511.jpe,Nc3
test_data/images/1726.jpe,Bxb5
data2/50160.png,f3+
data/1181.png,Rg3#
test_data/images/2238.jpe,a5
data2/51086.png,Be1+
data2/50901.png,Rh6+
data/1183.png,Nf8+
test_data/images/1424.jpe,Nf3
data2/50485.png,Na2+
test_data/images/1298.png,Kb1
test_data/images/2042.jpe,Bf5
data2/51232.png,Nxg4
data2/51036.png,Kxd8
data/1490.png,Qc5
test_data/images/175.png,Qe2
data/414.png,Kd3+
test_data/images/2021.jpe,cxd4
data/1399.png,Nb2
data/426.png,xg2
test_data/images/1713.jpe,Rb1
data/343.png,Rxc2
data/357.png,f6
data2/51021.png,Rc3#
data/193.png,Qd7#
test_data/images/1939.jpe,Bxf6
data/92.png,Kf1
data/1266.png,Kg1#
data/161.png,Nxh1
data2/51163.png,Rb4#
data2/50239.png,Rxe5
data2/50802.png,Ba6+
data2/50997.png,Qg8+
test_data/images/1762.jpe,h6
data/55.png,xc6
test_data/images/1408.jpe,f4
test_data/images/1250.jpe,Rxb8+
test_data/images/2054.jpe,Re4
data2/50330.png,Qxe7
data2/50660.png,Rb6+
data2/50887.png,Qh3+
data2/50924.png,Rd2#
data2/50440.png,Kg8
test_data/images/1960.jpe,O-O-O
test_data/images/464.jpe,d3
data/717.png,f8+
data/1451.png,Qxb1
data/1135.png,d2
data2/51471.png,Kf8
data/1496.png,Kxc6
data2/50817.png,Kb6#
data2/50502.png,xh3
test_data/images/1380.jpe,d5
test_data/images/1382.jpe,Bb4
data/765.png,Nxe5
test_data/images/1528.jpe,Bf8
data2/51188.png,Kf7#
data2/50446.png,Qa3#
data2/50620.png,Qd6+
test_data/images/1421.jpe,Ng6
test_data/images/1997.jpe,Ng6
test_data/images/2214.jpe,exd4
data/11.png,Nf6
data/84.png,c3
data2/51147.png,Nxa5
data2/50462.png,xa5
data2/51195.png,a7+
data2/51133.png,Rg3#
test_data/images/1464.png,Bb7
data2/50334.png,Qa8+
data/13.png,Qe5#
test_data/images/1676.jpe,d6
data2/51376.png,Re1
data/1495.png,Bxf8
data2/51149.png,Bh3
test_data/images/293.jpe,a4
test_data/images/1526.jpe,Re8
data2/51352.png,Nc8
data/180.png,e8+
data/594.png,Qb2+
test_data/images/1537.jpe,Ra7
data2/50770.png,Nxb8
data/674.png,Qh7
test_data/images/2027.jpe,dxe5
test_data/images/1522.jpe,Bxe4
data2/50566.png,xa5
data/1367.png,xb5
data/728.png,Kxg8
test_data/images/1602.jpe,Ng6
data2/50946.png,Nd5+
data2/50267.png,c4+
test_data/images/1777.jpe,Bd2
data2/51439.png,b5#
data2/50948.png,Qa5
data/587.png,Nc8+
data/1350.png,Qh4
test_data/images/1505.jpe,e4
data/175.png,Qa6+
test_data/images/444.jpe,b6
data/445.png,Rd3+
data2/51360.png,Ka1#
test_data/images/1968.jpe,Qg5
data2/50368.png,Kxd7
test_data/images/2039.jpe,fxe5
data/1322.png,g5+
data/146.png,Ka4+
data2/51148.png,Kc8#
data/1098.png,Rxe8
test_data/images/461.jpe,dxc4
test_data/images/1357.png,Nb3
test_data/images/2086.jpe,b6
data/1381.png,Qe2
data/250.png,Qf2+
data/1303.png,f5#
data2/50702.png,Bh4
data2/51069.png,Bb1#
data2/51224.png,Kh7+
data/1328.png,Ka7+
test_data/images/1193.jpe,Bg7
test_data/images/2018.jpe,exd4
data/1067.png,Bd2
data/391.png,f2+
data2/50297.png,Ka5#
data/821.png,Re7+
test_data/images/134.png,d5
data2/51357.png,Ne2+
test_data/images/2041.jpe,Bf4
data/773.png,Nxf1
data2/51051.png,Rd8
data/1106.png,Bf3
data2/50144.png,Ba7+
data2/51296.png,Qh7#
test_data/images/454.jpe,Qc8
test_data/images/1585.jpe,b7
data/216.png,Qxe5
data/1323.png,Rg2#
test_data/images/1701.jpe,Nc3
data2/50090.png,Nb8#
data2/50190.png,Ka3+
test_data/images/1300.png,axb4
data2/50774.png,Qe6+
data/1037.png,Bh4+
data/246.png,Bg8+
data/1295.png,Bh1+
data2/51179.png,Qg4#
data2/50197.png,g3#
data2/50135.png,a7#
data/577.png,Bd3
data2/51490.png,a3#
data/597.png,c5+
data/879.png,Qb5
test_data/images/1755.jpe,fxe5
data2/51225.png,Nxb1
data/1210.png,Qh7
data2/51205.png,Qa6#
test_data/images/1333.png,Qc7
data2/51323.png,Qc8
test_data/images/1711.jpe,Na5
data2/50165.png,Bg8
data/899.png,Qa8#
data/812.png,g5
data2/51070.png,Rb6
data/567.png,Nb4+
data2/51343.png,Rxf1
data2/50193.png,Rc2+
data/1341.png,Rxg5
test_data/images/442.jpe,axb5
test_data/images/1372.png,e6
data2/51265.png,Nf2#
data/1140.png,Kb3+
data2/50006.png,Qxc4
data2/50298.png,Qc4
data2/51390.png,Bd5+
data2/50259.png,Bf6#
data/495.png,g8+
data2/50651.png,b5
data/982.png,Qxb2
test_data/images/1974.jpe,Ba6
data/1178.png,Bxf7
data2/51329.png,Kh2+
data2/50524.png,Bg2#
data/787.png,xa2
test_data/images/1425.jpe,Nf6
data2/51005.png,Qa2#
data2/51434.png,Bg2
test_data/images/1580.jpe,b5
data/1233.png,Rd6#
data/252.png,Kxg1
data/1320.png,Qe8+
data2/51111.png,Qc5#
data2/51045.png,e6#
test_data/images/2030.jpe,Ngxe5
data2/50966.png,Bxg5
data2/50101.png,Rb3#
test_data/images/2031.jpe,Re1
data2/51041.png,Kf3+
data2/51053.png,Qd4
data2/51250.png,Kd2
data2/50618.png,Kf2#
data/108.png,c8+
data/428.png,Bxd2
data2/51422.png,Nc3#
data/437.png,Nc2#
data/1382.png,Qc7
test_data/images/1479.png,Qxg4
test_data/images/1468.png,h5
data2/50503.png,Kf6#
data/470.png,Rf2
data2/50317.png,Rb2
data/555.png,Bb4
data/1007.png,Nb6
test_data/images/196.png,Nf3
test_data/images/2070.jpe,Rd8
data2/50710.png,Ra8
data/663.png,Qxg3
data/729.png,Kf1
test_data/images/1732.jpe,Qb7
data/1205.png,Nxf8
data/407.png,Be4
data/279.png,Rh4
data/1003.png,Qxc4
data2/50600.png,h7
data/1236.png,Be7
test_data/images/1371.png,exd5
data2/50085.png,Nxf8
data/356.png,Ne3#
data/867.png,Rg3#
data2/51107.png,Rg7+
data2/50707.png,xg8
data2/51399.png,Bd7#
data2/51044.png,Be8
data/269.png,Kxd6
data2/50854.png,Ra3+
test_data/images/2227.jpe,Bf4
test_data/images/136.png,e6
data2/50940.png,Nxc6
test_data/images/221.png,Nc5
data/433.png,Qf6#
data/526.png,Qxd3
data/58.png,xd7
data2/50574.png,Rxh5
data/498.png,Rxa1
test_data/images/1278.png,Bh4
data2/50672.png,Rxf6
data2/50302.png,Rg5+
data2/51131.png,Rxb3
data2/50329.png,Nxe2
data/1418.png,Qf3#
data/1094.png,Qa6+
test_data/images/1422.jpe,d3
data2/50323.png,Rxd8
data/81.png,h3+
data/778.png,Rb3+
data2/50181.png,Na5#
data/708.png,g2
test_data/images/159.png,Ngf3
data/658.png,f8
data/891.png,Qxd4
test_data/images/1819.jpe,g6
data2/51160.png,Bc5
data2/50198.png,Qh6+
data2/50688.png,Nc1
data/0.png,Kf4+
test_data/images/1445.png,Nxd4
test_data/images/2276.jpe,Nd2
test_data/images/1992.jpe,a5
test_data/images/2052.jpe,Rxe7
test_data/images/177.png,Rb1
data2/51472.png,Nb8+
data2/50484.png,Kf8+
test_data/images/1188.jpe,d5
